organism,taxlevel,Min,Max,Mean,Se,top,metrics,iteration_count
Attheya,genus,2.7260800944224,4.63159672834556,3.66638850629187,0.572122775804454,1,phi,15
Attheya,genus,2.03310227539181,3.798982740762,2.99468312715144,0.50463011444573,2,phi,15
Attheya,genus,1.73938335526447,3.21824659693457,2.52963375513449,0.445178669722922,3,phi,15
Attheya,genus,1.6577282747438,2.93389630592687,2.37677811762963,0.425768252720788,4,phi,15
Attheya,genus,1.54029583398572,2.84493087271868,2.1250883272603,0.369572042752274,5,phi,15
Attheya,genus,1.52435394220074,2.45982066674537,1.88932186111727,0.260091380425136,6,phi,15
Attheya,genus,1.08007485683538,2.22181854431522,1.65803586318505,0.31582712974553,7,phi,15
Attheya,taxogroup_middle,2.33018302996,5.63014174460787,3.60687095246987,0.687038880562988,1,phi,132
Attheya,taxogroup_middle,2.18961247914333,5.0191414697063,3.03258364603111,0.481606845326502,2,phi,132
Attheya,taxogroup_middle,1.89186055991591,3.83991836562079,2.69381618930788,0.405745226839086,3,phi,132
Attheya,taxogroup_middle,1.47135932971693,3.47659456204293,2.42623843212011,0.346905439992603,4,phi,132
Attheya,taxogroup_middle,1.46913702002358,3.28188499473664,2.23344219862459,0.300994682087119,5,phi,132
Attheya,taxogroup_middle,1.44703067573685,2.97789048135355,2.05714733616756,0.275524974400136,6,phi,132
Attheya,taxogroup_middle,1.35545728262449,2.54952113851077,1.88617232459961,0.256778856897898,7,phi,132
Attheya,taxogroup_middle,1.18824324824042,2.2175542729819,1.67259660554708,0.250380387552274,8,phi,132
Attheya,taxogroup_middle,1.07529224282762,2.00715804356609,1.44754629994389,0.209628774821027,9,phi,132
Aureococcus,genus,1.27956122242671,3.710686151497,1.74277526964154,0.381565858801726,1,phi,132
Aureococcus,genus,1.14573017568064,1.93830634096687,1.31533623109507,0.152559436947694,10,phi,132
Aureococcus,genus,1.25507958260176,2.83949379054918,1.60804322025767,0.297591871931711,2,phi,132
Aureococcus,genus,1.20859529667013,2.58868785879205,1.53310695411422,0.260938472169582,3,phi,132
Aureococcus,genus,1.20505226839103,2.43156235202399,1.48224788461358,0.234004991631201,4,phi,132
Aureococcus,genus,1.19626283049686,2.25763615351026,1.44789471864058,0.216042023046279,5,phi,132
Aureococcus,genus,1.18278776923797,2.25676540796226,1.4167298505132,0.203047110084264,6,phi,132
Aureococcus,genus,1.17293925211566,2.02154953629001,1.38869254903417,0.186913231422147,7,phi,132
Aureococcus,genus,1.162588043382,1.96014221907815,1.36460481688188,0.17494248395066,8,phi,132
Aureococcus,genus,1.157233579959,1.94441721122491,1.33826371887158,0.163350885223203,9,phi,132
Aureococcus,taxogroup_middle,1.25933806010482,3.4030976299357,1.70136253240752,0.357999394001836,1,phi,132
Aureococcus,taxogroup_middle,1.10880079080266,1.77283420680729,1.26579664584145,0.132441489798806,10,phi,132
Aureococcus,taxogroup_middle,1.24138996500139,3.12275174478212,1.57314739473105,0.288056564775548,2,phi,132
Aureococcus,taxogroup_middle,1.22480486085459,2.63253311423251,1.5059525311097,0.251577490656612,3,phi,132
Aureococcus,taxogroup_middle,1.20857006295153,2.34789454495583,1.45078563836718,0.221967040632026,4,phi,132
Aureococcus,taxogroup_middle,1.1841361121069,2.20779223061079,1.4101319600002,0.199221856668994,5,phi,132
Aureococcus,taxogroup_middle,1.16257126396132,2.09553933075356,1.37645585670231,0.183859218966991,6,phi,132
Aureococcus,taxogroup_middle,1.14893072143042,2.00580750126408,1.34579606145464,0.168818595001268,7,phi,132
Aureococcus,taxogroup_middle,1.13461822213701,1.88923923901439,1.31839041083204,0.155994097536231,8,phi,132
Aureococcus,taxogroup_middle,1.12684559472966,1.82489393840856,1.2906134796614,0.14470209394823,9,phi,132
Bathycoccus,genus,0.94625277056825,1.64252103095199,1.19507800067716,0.102909323946857,1,phi,132
Bathycoccus,taxogroup_middle,1.05822458439196,1.94527317778022,1.30814712027564,0.118559078086126,1,phi,132
Bathycoccus,taxogroup_middle,1.02887995656085,1.46568684130011,1.19050502267703,0.0807997039494228,2,phi,132
Bathycoccus,taxogroup_middle,0.94625277056825,1.41242636083341,1.11182280452875,0.0678369560462806,3,phi,132
Cafeteria,genus,1.03521818280348,5.84346120013465,2.5399774181222,1.00338034109669,1,phi,132
Cafeteria,taxogroup_middle,3.0600836841897,6.00763052412545,4.35878713518167,0.686102656309858,1,phi,132
Cafeteria,taxogroup_middle,1.74159429627023,2.9400929592874,2.19747018235184,0.227393706101028,10,phi,132
Cafeteria,taxogroup_middle,2.54745026209486,5.26285681078923,3.72505462441437,0.512742734107604,2,phi,132
Cafeteria,taxogroup_middle,2.44188163567832,4.54980674907187,3.36081445834722,0.422980874752028,3,phi,132
Cafeteria,taxogroup_middle,2.10255014023606,4.09371468558227,3.09205597138555,0.361573886116396,4,phi,132
Cafeteria,taxogroup_middle,2.0716718980579,3.64355663492778,2.8742558454569,0.327398269409067,5,phi,132
Cafeteria,taxogroup_middle,2.06604479600635,3.5018436188996,2.69474392234173,0.279577199946948,6,phi,132
Cafeteria,taxogroup_middle,1.98813996817107,3.43348329638834,2.56571680389675,0.277454062746422,7,phi,132
Cafeteria,taxogroup_middle,1.86548615271338,3.35498695547797,2.43482591601546,0.268116867436998,8,phi,132
Cafeteria,taxogroup_middle,1.84317818496676,3.15768593999737,2.32456846784396,0.249655480484045,9,phi,132
Chaetoceros,genus,1.30558479309273,33.9167292589425,4.28066674410825,4.38258741836438,1,phi,132
Chaetoceros,genus,1.21858482634621,12.6168208650359,2.87337356733047,2.44891578891164,10,phi,132
Chaetoceros,genus,1.29165209822354,22.6309875209977,3.84451579441853,3.7618633069336,2,phi,132
Chaetoceros,genus,1.27992250795437,22.4167807210161,3.58800294446039,3.40987271330987,3,phi,132
Chaetoceros,genus,1.24582798744367,16.6000772302716,3.40933396551103,3.15735875917472,4,phi,132
Chaetoceros,genus,1.24296214611909,16.4386489956711,3.29119717571648,3.00317637890571,5,phi,132
Chaetoceros,genus,1.23930208720167,14.5854471174858,3.18281492079736,2.85683925269072,6,phi,132
Chaetoceros,genus,1.23328092327785,13.8865236659772,3.08532341304178,2.72954606367693,7,phi,132
Chaetoceros,genus,1.23003858683337,13.6980462906795,3.00398028820348,2.62267503588727,8,phi,132
Chaetoceros,genus,1.22106267372479,12.774933131449,2.94156540372927,2.53977916586048,9,phi,132
Chaetoceros,taxogroup_middle,1.37002965579394,33.9167292589425,4.68936067359521,4.87360333450554,1,phi,132
Chaetoceros,taxogroup_middle,1.27439996407967,15.1890457551856,3.35872620116363,3.08091964758384,10,phi,132
Chaetoceros,taxogroup_middle,1.3245865348841,23.2756859499674,4.21661629474514,4.22456321247007,2,phi,132
Chaetoceros,taxogroup_middle,1.30558479309273,22.4167807210161,4.01092409984474,3.95957511760657,3,phi,132
Chaetoceros,taxogroup_middle,1.29665594301018,19.070299408311,3.85226058702657,3.73360574687539,4,phi,132
Chaetoceros,taxogroup_middle,1.29327939411864,18.5817271883174,3.73406947833901,3.57615358689863,5,phi,132
Chaetoceros,taxogroup_middle,1.29229085084991,16.9287798744901,3.63672120136796,3.44960238802558,6,phi,132
Chaetoceros,taxogroup_middle,1.28794649040193,16.6000772302716,3.5464630307455,3.32469472643628,7,phi,132
Chaetoceros,taxogroup_middle,1.28495280904471,16.4386489956711,3.47395003140025,3.22844976216848,8,phi,132
Chaetoceros,taxogroup_middle,1.27936285423989,16.0138802260252,3.4146267267002,3.15161686524457,9,phi,132
chloroparvula,genus,1.04221127027461,2.49214813750549,1.54429497347988,0.255149758660496,1,phi,132
chloroparvula,genus,1.0049312034075,1.43920992702892,1.16406183268428,0.0834162703388139,10,phi,132
chloroparvula,genus,1.03441016871233,1.95749391129855,1.44158123315065,0.199118672656681,2,phi,132
chloroparvula,genus,1.02812276620006,1.82905705624586,1.38406558887495,0.17110093528791,3,phi,132
chloroparvula,genus,1.02627073490117,1.77348735418768,1.34184473904472,0.15416021227941,4,phi,132
chloroparvula,genus,1.0246323105869,1.6703479710545,1.30326328951355,0.136631680726001,5,phi,132
chloroparvula,genus,1.01945910547621,1.61426239066403,1.27092125007758,0.124576263015494,6,phi,132
chloroparvula,genus,1.01363816233807,1.55199100657679,1.24072623750796,0.112374717870419,7,phi,132
chloroparvula,genus,1.00893757707031,1.53711936602677,1.21342273234224,0.10140910203074,8,phi,132
chloroparvula,genus,1.00707507958899,1.48127880509438,1.19003335663869,0.0922789760425359,9,phi,132
chloroparvula,taxogroup_middle,1.06605707048851,2.49214813750549,1.65664045364733,0.289682159643883,1,phi,132
chloroparvula,taxogroup_middle,1.03585465662336,1.57254109628253,1.33790358856175,0.139702842090415,10,phi,132
chloroparvula,taxogroup_middle,1.05870875556154,2.25692560078675,1.55380572083501,0.234646881286235,2,phi,132
chloroparvula,taxogroup_middle,1.05290849681833,1.93821685591129,1.50121011388704,0.210115452184523,3,phi,132
chloroparvula,taxogroup_middle,1.05054447178869,1.88085765086114,1.46388954281686,0.194456814734433,4,phi,132
chloroparvula,taxogroup_middle,1.04739820086133,1.76245030827311,1.43452913876704,0.1805008597677,5,phi,132
chloroparvula,taxogroup_middle,1.04536010520142,1.73406206104063,1.40769216517347,0.168674636804971,6,phi,132
chloroparvula,taxogroup_middle,1.04526894058009,1.69775035280009,1.3861155691084,0.159711838963337,7,phi,132
chloroparvula,taxogroup_middle,1.04150071033112,1.6170823154795,1.36773657645719,0.151383840017171,8,phi,132
chloroparvula,taxogroup_middle,1.03645197928849,1.59599583076359,1.35182125709688,0.144919965312171,9,phi,132
Chloropicon,genus,1.15939521733015,7.62385313773084,2.42683727472512,1.19918483284344,1,phi,132
Chloropicon,genus,1.06811318193952,3.60451965037851,1.64160060678288,0.529497156790999,10,phi,132
Chloropicon,genus,1.11719916771087,6.72203962098378,2.18640563804963,0.979944591858326,2,phi,132
Chloropicon,genus,1.10482141426354,5.13390485925528,2.03284213108071,0.847917433206753,3,phi,132
Chloropicon,genus,1.0990712142443,4.62513922548362,1.93501808609895,0.76915635176499,4,phi,132
Chloropicon,genus,1.09139457903301,4.5842897917977,1.86157630806234,0.705296960418037,5,phi,132
Chloropicon,genus,1.08968802228136,4.49077519866921,1.80652907749972,0.661503882546228,6,phi,132
Chloropicon,genus,1.08710711947279,4.41888994069919,1.76244001794526,0.62533305365762,7,phi,132
Chloropicon,genus,1.07096490010932,3.83099929086034,1.71891457575206,0.588153905986595,8,phi,132
Chloropicon,genus,1.06817849450208,3.81334785504131,1.67976433460652,0.558711088026446,9,phi,132
Chloropicon,taxogroup_middle,1.16777868089857,7.62385313773084,2.52688305763127,1.26713214732195,1,phi,132
Chloropicon,taxogroup_middle,1.10065298417755,3.83099929086034,1.78843103093915,0.63873146570033,10,phi,132
Chloropicon,taxogroup_middle,1.15382259930155,6.72203962098378,2.28860554126511,1.0524744732208,2,phi,132
Chloropicon,taxogroup_middle,1.12604771210047,5.32463964615917,2.16308989931111,0.946638950500537,3,phi,132
Chloropicon,taxogroup_middle,1.1213517500479,5.23167583258802,2.07549374855686,0.875501278984001,4,phi,132
Chloropicon,taxogroup_middle,1.12055807838502,4.6491312653742,2.010159926295,0.821438430683386,5,phi,132
Chloropicon,taxogroup_middle,1.11719916771087,4.52900325680817,1.94793084219329,0.765961099467117,6,phi,132
Chloropicon,taxogroup_middle,1.11572056888021,4.41888994069919,1.89963002818262,0.729884618526644,7,phi,132
Chloropicon,taxogroup_middle,1.10615062076869,4.07476889005352,1.85849518793478,0.69372392355402,8,phi,132
Chloropicon,taxogroup_middle,1.10255082817661,3.9081441053048,1.81974119840646,0.661751615167272,9,phi,132
Cylindrotheca,genus,1.03153065972965,2.62872239366613,1.53115800866809,0.292634286121963,1,phi,132
Cylindrotheca,taxogroup_middle,2.01593608786431,3.49955421076375,2.52463004402093,0.264443995874814,1,phi,132
Cylindrotheca,taxogroup_middle,1.69244944691283,2.36195883845409,1.98961024911496,0.121256226115479,10,phi,132
Cylindrotheca,taxogroup_middle,1.92247698942772,3.01482923417652,2.36109118152879,0.19393417961054,2,phi,132
Cylindrotheca,taxogroup_middle,1.91595350935064,2.82040302401779,2.27142484711044,0.171103299101817,3,phi,132
Cylindrotheca,taxogroup_middle,1.87874964932169,2.61063294701994,2.20438489154572,0.153665242915028,4,phi,132
Cylindrotheca,taxogroup_middle,1.86540986705702,2.57805543000702,2.1493062743698,0.143213697550983,5,phi,132
Cylindrotheca,taxogroup_middle,1.8093108558689,2.48755144720358,2.1045623064739,0.139265346239166,6,phi,132
Cylindrotheca,taxogroup_middle,1.779186475626,2.40127075179118,2.07169961294003,0.133655314179064,7,phi,132
Cylindrotheca,taxogroup_middle,1.77339736463553,2.39502193363134,2.04176777993598,0.129301641519941,8,phi,132
Cylindrotheca,taxogroup_middle,1.71708572108118,2.36344895969519,2.01278401066326,0.123610965070396,9,phi,132
Emiliania,taxogroup_middle,1.00667802857993,5.12383090521533,1.51555186089046,0.757378441545241,1,phi,132
Emiliania,taxogroup_middle,0.987669839805386,3.93930075600973,1.26295030105427,0.42577942540252,2,phi,132
Florenciella,taxogroup_2,1.65400307265579,7.52489368224128,3.24234354894521,1.59474686749086,1,phi,132
Florenciella,taxogroup_2,1.49885490334125,4.59627711886922,2.33082499180915,0.927610371234349,10,phi,132
Florenciella,taxogroup_2,1.62312084970452,6.5317574936779,2.96960731517331,1.3806828348496,2,phi,132
Florenciella,taxogroup_2,1.61599872598366,6.01396741874394,2.81722415731121,1.27024484312738,3,phi,132
Florenciella,taxogroup_2,1.60968653300011,5.89590247118199,2.69961573318758,1.19050436619103,4,phi,132
Florenciella,taxogroup_2,1.59955004370105,5.30747076945337,2.60614205070891,1.12223193271085,5,phi,132
Florenciella,taxogroup_2,1.57359627775057,5.11022766314181,2.53619652135153,1.07116081337333,6,phi,132
Florenciella,taxogroup_2,1.56046182655335,5.10625137050141,2.47336069467426,1.02568675143035,7,phi,132
Florenciella,taxogroup_2,1.52155104936605,5.06420469086884,2.42166475750344,0.990601119852542,8,phi,132
Florenciella,taxogroup_2,1.50251774689244,4.77677943973622,2.37551606429023,0.958321167874772,9,phi,132
Florenciella,taxogroup_middle,1.62312084970452,7.0593562388893,2.96882695793166,1.41659418730922,1,phi,132
Florenciella,taxogroup_middle,1.30139370320494,3.35153704694768,1.92949890024348,0.654616037520498,10,phi,132
Florenciella,taxogroup_middle,1.50251774689244,6.5317574936779,2.6532229753982,1.17600026414055,2,phi,132
Florenciella,taxogroup_middle,1.4766752614325,5.11022766314181,2.46731715142026,1.02832930310344,3,phi,132
Florenciella,taxogroup_middle,1.41315827656402,5.10625137050141,2.35289408317468,0.957548555413812,4,phi,132
Florenciella,taxogroup_middle,1.41072892724583,4.59627711886922,2.2537393740411,0.876831529399529,5,phi,132
Florenciella,taxogroup_middle,1.36680792382309,3.97278976765125,2.17318781270696,0.818730309224366,6,phi,132
Florenciella,taxogroup_middle,1.34390899699424,3.85318878659153,2.10228735092158,0.773704615517872,7,phi,132
Florenciella,taxogroup_middle,1.32045513076299,3.62073951777572,2.04226422744719,0.733292391935537,8,phi,132
Florenciella,taxogroup_middle,1.31350241762462,3.48158592874155,1.98698522910121,0.695630762051408,9,phi,132
Fragilariopsis,genus,1.32130300546564,3.19373253951353,1.82324617027263,0.251769640884159,1,phi,132
Fragilariopsis,genus,1.15216563182914,1.70646607088188,1.3392109968761,0.0975039186817674,10,phi,132
Fragilariopsis,genus,1.26066126340415,2.42100349774746,1.68621164586016,0.195105541991962,2,phi,132
Fragilariopsis,genus,1.22624011706493,2.1771911237857,1.59686936220804,0.164001154293401,3,phi,132
Fragilariopsis,genus,1.21036572785815,1.99604823599236,1.53505382421166,0.143630258996447,4,phi,132
Fragilariopsis,genus,1.19992192968251,1.95812338638172,1.4935372500705,0.135002091014442,5,phi,132
Fragilariopsis,genus,1.19751893212027,1.87366656462589,1.4576827707884,0.123142059738728,6,phi,132
Fragilariopsis,genus,1.19321508577664,1.83286333993042,1.42060451910073,0.115244903072596,7,phi,132
Fragilariopsis,genus,1.17443200296549,1.82856838956992,1.39316713386244,0.10908638013764,8,phi,132
Fragilariopsis,genus,1.17323132968624,1.7709093547535,1.36742030407697,0.102703311765754,9,phi,132
Fragilariopsis,taxogroup_middle,1.54354811520079,3.19373253951353,2.07312781356884,0.277824936368068,1,phi,132
Fragilariopsis,taxogroup_middle,1.41919534584157,2.15153706087444,1.69214871565991,0.15753470337812,10,phi,132
Fragilariopsis,taxogroup_middle,1.52319439797118,2.78064287620327,1.95391995047489,0.22946195113221,2,phi,132
Fragilariopsis,taxogroup_middle,1.51295525026995,2.75351163607619,1.89064283009632,0.210292807558501,3,phi,132
Fragilariopsis,taxogroup_middle,1.49312319466591,2.36014470077449,1.84252372859734,0.194567946970701,4,phi,132
Fragilariopsis,taxogroup_middle,1.48336856821555,2.27539348989146,1.80580236655121,0.184566810503508,5,phi,132
Fragilariopsis,taxogroup_middle,1.45657265909314,2.25490698950044,1.77526146802066,0.177865101277374,6,phi,132
Fragilariopsis,taxogroup_middle,1.44859206106448,2.23836658364144,1.74992248699131,0.172393260242423,7,phi,132
Fragilariopsis,taxogroup_middle,1.43970076776599,2.17810087722328,1.72838563692744,0.166017943795879,8,phi,132
Fragilariopsis,taxogroup_middle,1.4347788624082,2.16169542546998,1.70869394540543,0.161493954837901,9,phi,132
Geminigera,genus,1.00129906585412,2.99502929618989,1.32352830132525,0.292954021663868,1,phi,132
Geminigera,taxogroup_middle,1.17742641144444,3.52885909823334,1.77242680911844,0.507426573652423,1,phi,132
Geminigera,taxogroup_middle,1.09291051779722,2.00715023165272,1.34689745418409,0.216743706172408,10,phi,132
Geminigera,taxogroup_middle,1.16750387936222,2.99502929618989,1.63343112392574,0.405668557568979,2,phi,132
Geminigera,taxogroup_middle,1.14983339690039,2.76932073393006,1.55624827896256,0.350852134056012,3,phi,132
Geminigera,taxogroup_middle,1.1328724991964,2.50356490462838,1.50872468990412,0.317819542615361,4,phi,132
Geminigera,taxogroup_middle,1.1319367016801,2.36230202080694,1.47268356485601,0.295288178497584,5,phi,132
Geminigera,taxogroup_middle,1.1250362833896,2.34741569131697,1.44459223006484,0.277425883033656,6,phi,132
Geminigera,taxogroup_middle,1.11391448054884,2.26231997862718,1.41812345068091,0.261666238365488,7,phi,132
Geminigera,taxogroup_middle,1.10572921287211,2.20353342927543,1.39370067667249,0.246525555192488,8,phi,132
Geminigera,taxogroup_middle,1.09324663887569,2.11375824184055,1.36991524871136,0.232711341443566,9,phi,132
Haptolina,genus,0.987022831640863,3.14842865197036,1.70570588596709,0.414705065116956,1,phi,132
Haptolina,taxogroup_middle,1.74683198429906,4.32015732912497,2.65543293117703,0.449265166748401,1,phi,132
Haptolina,taxogroup_middle,1.28181395118547,2.17318025118359,1.65501740809431,0.176208611749342,10,phi,132
Haptolina,taxogroup_middle,1.65793618320487,3.54548625601177,2.38732617064507,0.36937228280199,2,phi,132
Haptolina,taxogroup_middle,1.52847643254122,3.1524669569561,2.20567002033011,0.303552335072882,3,phi,132
Haptolina,taxogroup_middle,1.5185423857859,3.11891118307273,2.08670077240218,0.280269846232622,4,phi,132
Haptolina,taxogroup_middle,1.45328755617702,2.87521626772191,2.00696103878844,0.260197723063775,5,phi,132
Haptolina,taxogroup_middle,1.3507891274732,2.70239274286953,1.9227635042943,0.237710521354132,6,phi,132
Haptolina,taxogroup_middle,1.30796213364367,2.52078298848219,1.84109455115561,0.220609417691163,7,phi,132
Haptolina,taxogroup_middle,1.30114889862993,2.47222243074772,1.7657489383434,0.207980753162792,8,phi,132
Haptolina,taxogroup_middle,1.28715890228546,2.25796545675957,1.70803487024613,0.188359173134455,9,phi,132
Leptocylindrus,genus,1.73038505915474,3.45348316264099,2.30595837384694,0.332253548053358,1,phi,132
Leptocylindrus,genus,1.03778927507208,1.52246542889722,1.27962304050672,0.0992346542441223,10,phi,132
Leptocylindrus,genus,1.59633394243265,2.74271835613951,2.00765554925627,0.21752621953157,2,phi,132
Leptocylindrus,genus,1.45756720289223,2.33175488525433,1.86882347973523,0.169003457106755,3,phi,132
Leptocylindrus,genus,1.44691075347046,2.21199056264314,1.74984328253797,0.141244075569265,4,phi,132
Leptocylindrus,genus,1.36496940202807,2.10454044284858,1.6502340979128,0.124630628300654,5,phi,132
Leptocylindrus,genus,1.26636083582879,1.94154626782805,1.57551339334588,0.124953643710422,6,phi,132
Leptocylindrus,genus,1.19533210963392,1.75402696635586,1.50362543822305,0.119852764842637,7,phi,132
Leptocylindrus,genus,1.19456995630596,1.73762940237983,1.42968511387022,0.109853567780195,8,phi,132
Leptocylindrus,genus,1.1406002444944,1.62536821331852,1.35665484847978,0.102453098843212,9,phi,132
Leptocylindrus,taxogroup_middle,1.76024600133783,3.45348316264099,2.31699929778112,0.328925656951235,1,phi,132
Leptocylindrus,taxogroup_middle,1.1406002444944,1.61932410314648,1.34100932502343,0.0935006968475322,10,phi,132
Leptocylindrus,taxogroup_middle,1.6791626477176,2.74271835613951,2.02142924374753,0.213317123239599,2,phi,132
Leptocylindrus,taxogroup_middle,1.52277848787701,2.33175488525433,1.8867180473368,0.168641559458615,3,phi,132
Leptocylindrus,taxogroup_middle,1.45756720289223,2.2860799756382,1.78565924465375,0.149900782567037,4,phi,132
Leptocylindrus,taxogroup_middle,1.44691075347046,2.21199056264314,1.68271134278881,0.123294015075571,5,phi,132
Leptocylindrus,taxogroup_middle,1.36496940202807,2.10454044284858,1.60632967517579,0.12410337541801,6,phi,132
Leptocylindrus,taxogroup_middle,1.26636083582879,1.94154626782805,1.53835938187849,0.117879451250802,7,phi,132
Leptocylindrus,taxogroup_middle,1.19533210963392,1.75402696635586,1.47277753419705,0.118783580371466,8,phi,132
Leptocylindrus,taxogroup_middle,1.19456995630596,1.69008782561747,1.40561512220102,0.0989322681444306,9,phi,132
MALV-II,taxogroup_1,41.8937766852547,79.2756865845752,51.5358700718755,6.11518307479587,1,phi,132
MALV-II,taxogroup_1,36.6303376758033,42.9383774795758,39.6334618764068,1.30684480862128,10,phi,132
MALV-II,taxogroup_1,41.1445443431308,58.6393826618889,47.3076591293901,3.40501185946838,2,phi,132
MALV-II,taxogroup_1,40.4900769048016,52.6198431577061,45.065007467163,2.40169505629658,3,phi,132
MALV-II,taxogroup_1,39.085467643285,49.7877244331197,43.6892557709392,2.12044023558225,4,phi,132
MALV-II,taxogroup_1,38.2787404777442,48.3462165154347,42.7086698692358,1.96934985307798,5,phi,132
MALV-II,taxogroup_1,37.9469074823598,47.8665500176335,41.8463507548316,1.81798922097159,6,phi,132
MALV-II,taxogroup_1,37.6141946158497,46.9839509773434,41.0746109882858,1.62028041802302,7,phi,132
MALV-II,taxogroup_1,37.2007414166566,43.6059764305256,40.519631542255,1.41447078012927,8,phi,132
MALV-II,taxogroup_1,36.6484030377136,43.2722803414937,40.0300661889231,1.32619559810081,9,phi,132
MALV-II,taxogroup_2,38.8454409708428,73.918709965034,48.4773648678258,5.78989914196717,1,phi,132
MALV-II,taxogroup_2,33.0303248165362,40.4652819594579,36.6108495976333,1.43634836732792,10,phi,132
MALV-II,taxogroup_2,38.2787404777442,55.7486533379205,44.2656515175436,3.40391323890508,2,phi,132
MALV-II,taxogroup_2,37.2007414166566,51.6767912421892,42.1633916019732,2.72876819183987,3,phi,132
MALV-II,taxogroup_2,36.3209714065983,47.0857137546668,40.8138516702822,2.25578647582342,4,phi,132
MALV-II,taxogroup_2,35.784852254362,45.8043010823582,39.7802437182015,1.97736990153247,5,phi,132
MALV-II,taxogroup_2,35.4888441998177,44.6144229849685,38.9265875613519,1.84383939092446,6,phi,132
MALV-II,taxogroup_2,35.1496686853684,43.6059764305256,38.3158723462907,1.71953032316591,7,phi,132
MALV-II,taxogroup_2,33.4648321849544,43.2722803414937,37.668273198236,1.61189081451785,8,phi,132
MALV-II,taxogroup_2,33.4495802849646,41.8294410504774,37.1396202509005,1.47900017377079,9,phi,132
MALV-I,taxogroup_1,22.1341480265501,79.2756865845752,39.3200644084402,13.1739483718086,1,phi,132
MALV-I,taxogroup_1,19.4068585580266,42.9383774795758,30.2852768852324,9.42338883807584,10,phi,132
MALV-I,taxogroup_1,21.7482687840477,58.6393826618889,36.111281675899,11.5420715485787,2,phi,132
MALV-I,taxogroup_1,21.1901292730904,52.6198431577061,34.4107737891594,10.8455064799996,3,phi,132
MALV-I,taxogroup_1,20.6912990753386,49.7877244331197,33.3676536088333,10.4778170073599,4,phi,132
MALV-I,taxogroup_1,20.2636769666437,48.3462165154347,32.6201845471574,10.228560262158,5,phi,132
MALV-I,taxogroup_1,20.0930353237226,47.8665500176335,31.9653665687308,10.0047185488769,6,phi,132
MALV-I,taxogroup_1,19.7093381318422,46.9839509773434,31.3833013836619,9.79541770059156,7,phi,132
MALV-I,taxogroup_1,19.4222563708044,43.6059764305256,30.9627899847056,9.6415532177088,8,phi,132
MALV-I,taxogroup_1,19.4160817784833,43.2722803414937,30.5937149500026,9.51329881919933,9,phi,132
MALV-I,taxogroup_2,20.8171816602815,73.918709965034,37.7879979828921,12.5924932146838,1,phi,132
MALV-I,taxogroup_2,18.5048655186887,41.1454052917866,28.7616026171796,8.94207377248877,10,phi,132
MALV-I,taxogroup_2,20.5601189607182,57.2319435342304,34.6382864302274,11.0492389701267,2,phi,132
MALV-I,taxogroup_2,20.2636769666437,52.6198431577061,33.0592623011766,10.4384824568005,3,phi,132
MALV-I,taxogroup_2,19.7093381318422,48.0100386682144,31.9189846192612,10.0311697517741,4,phi,132
MALV-I,taxogroup_2,19.2500389253393,46.4743798972593,31.1056284418662,9.73383688427755,5,phi,132
MALV-I,taxogroup_2,19.1973586332652,45.8043010823582,30.5090494599655,9.53218077260872,6,phi,132
MALV-I,taxogroup_2,18.8319825797882,43.6059764305256,30.0048639472513,9.35501821795393,7,phi,132
MALV-I,taxogroup_2,18.6474370748081,43.2722803414937,29.539971541815,9.20577044146619,8,phi,132
MALV-I,taxogroup_2,18.5700591412475,41.8294410504774,29.1503791005877,9.07377847578855,9,phi,132
Mantoniella,genus,1.20287671028082,4.27586413098916,2.08688553421614,0.591357230437802,1,phi,132
Mantoniella,taxogroup_middle,2.06176588838711,4.74280822888772,3.17992757442214,0.527648151673126,1,phi,132
Mantoniella,taxogroup_middle,1.09024272545624,2.03679416968039,1.47178173184497,0.178583706629025,10,phi,132
Mantoniella,taxogroup_middle,1.85381854814034,4.23199565040058,2.68390999205544,0.372721348997287,2,phi,132
Mantoniella,taxogroup_middle,1.7955100983352,3.58086757781982,2.43403704518219,0.325132683595472,3,phi,132
Mantoniella,taxogroup_middle,1.66666555503657,3.36369479524922,2.25739552855181,0.298053616360112,4,phi,132
Mantoniella,taxogroup_middle,1.6099348853423,2.95635513925272,2.11680764741143,0.25147847839003,5,phi,132
Mantoniella,taxogroup_middle,1.54221610948127,2.53184847712832,1.97877837115816,0.228556514013282,6,phi,132
Mantoniella,taxogroup_middle,1.42079598726221,2.50041342200191,1.86343271745471,0.224098080207715,7,phi,132
Mantoniella,taxogroup_middle,1.36583142507563,2.35328196802722,1.74279648617835,0.211007695537194,8,phi,132
Mantoniella,taxogroup_middle,1.10875038429138,2.32967252795915,1.61943294530838,0.204752987846108,9,phi,132
Micromonas,genus,1.13480792173207,9.05991749128735,1.94533960991967,1.00771613275357,1,phi,132
Micromonas,genus,1.08956552977161,8.42181495889957,1.72655479395316,0.769445720326233,2,phi,132
Micromonas,genus,1.08096854238113,6.42077059219154,1.60541315051871,0.645903094970748,3,phi,132
Micromonas,genus,1.07061866625315,5.97168887993546,1.51952304234638,0.556564777247881,4,phi,132
Micromonas,genus,1.06049293941497,5.49015220735214,1.45245566009561,0.489933631650122,5,phi,132
Micromonas,genus,1.03474790852727,4.33578425981822,1.38269919744115,0.416613143090253,6,phi,132
Micromonas,genus,1.01507818344379,4.33562336838693,1.31012649076456,0.345242529233188,7,phi,132
Micromonas,genus,0.974247419469857,4.31091715525113,1.23384523320467,0.27453745887066,8,phi,132
Micromonas,genus,0.878647190551073,3.06281035043194,1.15104833716292,0.196697164226436,9,phi,132
Micromonas,taxogroup_middle,1.13662128137908,9.63334920418754,1.9914284629366,1.05341006975054,1,phi,132
Micromonas,taxogroup_middle,0.974247419469857,3.36624718878225,1.21143055553621,0.243669318709994,10,phi,132
Micromonas,taxogroup_middle,1.08956552977161,8.42181495889957,1.76214819786985,0.8017065662312,2,phi,132
Micromonas,taxogroup_middle,1.08096854238113,7.15040532334232,1.65040433503503,0.684765851033056,3,phi,132
Micromonas,taxogroup_middle,1.07833997544493,6.42077059219154,1.56905728901498,0.604993947624217,4,phi,132
Micromonas,taxogroup_middle,1.06561043926061,5.49015220735214,1.50073966045475,0.532459795585516,5,phi,132
Micromonas,taxogroup_middle,1.06049293941497,4.50558154451859,1.44045637874742,0.466048991126144,6,phi,132
Micromonas,taxogroup_middle,1.04006177050124,4.33562336838693,1.38853360759257,0.419992525363124,7,phi,132
Micromonas,taxogroup_middle,1.03266483009521,4.31091715525113,1.3336913165412,0.363247040182658,8,phi,132
Micromonas,taxogroup_middle,1.01356184994391,3.60654250840529,1.27644023308868,0.311930033753804,9,phi,132
Minidiscus,genus,1.05614530822816,2.94693566171661,1.54788945318803,0.323790569376867,1,phi,132
Minidiscus,taxogroup_middle,1.93177073040967,4.10750836824044,2.60439033355317,0.409364035463265,1,phi,132
Minidiscus,taxogroup_middle,1.66560661552995,2.47244518594011,2.02282540677086,0.226529099686625,10,phi,132
Minidiscus,taxogroup_middle,1.77610800474389,3.36334555970457,2.40062611530744,0.340530548382122,2,phi,132
Minidiscus,taxogroup_middle,1.76439128710358,3.27928386369912,2.30852765808196,0.313049009567008,3,phi,132
Minidiscus,taxogroup_middle,1.75467258699893,2.94693566171661,2.24103825276056,0.286605307952186,4,phi,132
Minidiscus,taxogroup_middle,1.74618233690119,2.71684720882409,2.18784303248234,0.269399825111623,5,phi,132
Minidiscus,taxogroup_middle,1.73477315134657,2.66303326410608,2.13970620318262,0.254884770724785,6,phi,132
Minidiscus,taxogroup_middle,1.68193257016318,2.61820539354256,2.10516874779273,0.246845611219186,7,phi,132
Minidiscus,taxogroup_middle,1.68148930012898,2.54036527789706,2.07337432851868,0.239218608152733,8,phi,132
Minidiscus,taxogroup_middle,1.67609786642031,2.49662312868399,2.04631879907697,0.232237772629756,9,phi,132
Minutocellus,genus,1.08501381206853,2.86590040813635,1.64790865099216,0.295473012064121,1,phi,132
Minutocellus,genus,1.03768260085341,2.29142605041538,1.36169890599696,0.198855629255825,2,phi,132
Minutocellus,taxogroup_middle,1.8119411914285,4.11051404714788,2.40797447709939,0.372748034163279,1,phi,132
Minutocellus,taxogroup_middle,1.56588254600146,2.2801252707203,1.89661317271617,0.205604672792751,10,phi,132
Minutocellus,taxogroup_middle,1.68083780416963,3.11748960257386,2.22664817049612,0.301574325436231,2,phi,132
Minutocellus,taxogroup_middle,1.66671956864544,3.01995219906821,2.14675340406458,0.278130582218828,3,phi,132
Minutocellus,taxogroup_middle,1.66094772449495,2.72226137344108,2.08664720945173,0.255459049591211,4,phi,132
Minutocellus,taxogroup_middle,1.65379413405904,2.66288512536164,2.04220624361406,0.241098843880276,5,phi,132
Minutocellus,taxogroup_middle,1.62159196447122,2.50976636052675,2.0021759489925,0.231614078029398,6,phi,132
Minutocellus,taxogroup_middle,1.5972084793489,2.48734025223118,1.97213843314708,0.225452778822761,7,phi,132
Minutocellus,taxogroup_middle,1.58629770105609,2.4299717715645,1.94349025213624,0.217601429938772,8,phi,132
Minutocellus,taxogroup_middle,1.57766110516714,2.3924455752725,1.91939113248832,0.211061403715317,9,phi,132
New_Bacillariaceae_01,taxogroup_1,3.04832458854089,6.82346375502369,4.11027319446834,0.643588070017561,1,phi,131
New_Bacillariaceae_01,taxogroup_1,2.69822248595154,4.10484985483786,3.24172535042222,0.374173057687704,10,phi,131
New_Bacillariaceae_01,taxogroup_1,2.97714931631346,5.44956243801523,3.80300087026464,0.506427679989464,2,phi,131
New_Bacillariaceae_01,taxogroup_1,2.95625304103753,4.9505940382262,3.65240990841339,0.460043203258018,3,phi,131
New_Bacillariaceae_01,taxogroup_1,2.8717462987893,4.78963398073332,3.56010039646094,0.442388802167322,4,phi,131
New_Bacillariaceae_01,taxogroup_1,2.85582584430717,4.60135546776964,3.48184959221588,0.415944160280579,5,phi,131
New_Bacillariaceae_01,taxogroup_1,2.84187252285457,4.39948295209101,3.42297416241001,0.402135942127339,6,phi,131
New_Bacillariaceae_01,taxogroup_1,2.76921454112981,4.2335475413144,3.36894904299226,0.393763450470881,7,phi,131
New_Bacillariaceae_01,taxogroup_1,2.73083358961381,4.18170523099426,3.3232601211347,0.387533472874918,8,phi,131
New_Bacillariaceae_01,taxogroup_1,2.72886899477033,4.13715266379712,3.28257683993718,0.381098509567005,9,phi,131
New_Bacillariaceae_01,taxogroup_2,2.8717462987893,6.82346375502369,3.91226460275294,0.620825221477163,1,phi,131
New_Bacillariaceae_01,taxogroup_2,2.54081177058838,3.8386306423427,3.04845455592089,0.346888076850577,10,phi,131
New_Bacillariaceae_01,taxogroup_2,2.85582584430717,5.08956361626334,3.63560434055405,0.488905853764192,2,phi,131
New_Bacillariaceae_01,taxogroup_2,2.84187252285457,4.88684230665792,3.48593817586927,0.436431913010544,3,phi,131
New_Bacillariaceae_01,taxogroup_2,2.75777725210714,4.40656316189681,3.37453876384481,0.406933010875827,4,phi,131
New_Bacillariaceae_01,taxogroup_2,2.68348580915315,4.2689727209257,3.30107094901441,0.398087476857803,5,phi,131
New_Bacillariaceae_01,taxogroup_2,2.66858855167103,4.138389430811,3.23793095874579,0.387285850678435,6,phi,131
New_Bacillariaceae_01,taxogroup_2,2.62089087168248,4.11316609445882,3.1778899179492,0.372732081830737,7,phi,131
New_Bacillariaceae_01,taxogroup_2,2.57868965609596,4.10024670699169,3.13087377577728,0.364181920781562,8,phi,131
New_Bacillariaceae_01,taxogroup_2,2.54631497334658,4.03695633895924,3.08744946081886,0.353734346308064,9,phi,131
New_Bacillariaceae_02,taxogroup_1,3.11778941075902,5.70727514089905,3.86127279773657,0.419337997400579,1,phi,131
New_Bacillariaceae_02,taxogroup_1,2.67740132788316,3.51528421648423,3.06347760146119,0.183253627033687,10,phi,131
New_Bacillariaceae_02,taxogroup_1,2.93015073459993,4.59602440557057,3.58262021425906,0.298825260547007,2,phi,131
New_Bacillariaceae_02,taxogroup_1,2.90778150572602,4.33428494860914,3.45044858890436,0.268205526069983,3,phi,131
New_Bacillariaceae_02,taxogroup_1,2.89018814672387,4.05410523807593,3.35783111702123,0.235461676414437,4,phi,131
New_Bacillariaceae_02,taxogroup_1,2.86913050824638,3.82760857656357,3.2901895503998,0.219350924281514,5,phi,131
New_Bacillariaceae_02,taxogroup_1,2.81819540689275,3.74784886145261,3.23645930597542,0.207495873521438,6,phi,131
New_Bacillariaceae_02,taxogroup_1,2.70682079461377,3.68285454985825,3.18451512416211,0.200118355580861,7,phi,131
New_Bacillariaceae_02,taxogroup_1,2.70657489607496,3.57816849984891,3.13762699267639,0.193501554167156,8,phi,131
New_Bacillariaceae_02,taxogroup_1,2.70163921447074,3.54851382321433,3.09991338125052,0.189737113496666,9,phi,131
New_Bacillariaceae_02,taxogroup_2,2.90778150572602,5.70727514089905,3.68350879785882,0.433080817698204,1,phi,131
New_Bacillariaceae_02,taxogroup_2,2.54331810331844,3.28935571892194,2.88887872849066,0.178350312372451,10,phi,131
New_Bacillariaceae_02,taxogroup_2,2.87579630580665,4.43102540569069,3.42403721872179,0.29966157795096,2,phi,131
New_Bacillariaceae_02,taxogroup_2,2.70682079461377,4.33428494860914,3.29402781262475,0.261081402557784,3,phi,131
New_Bacillariaceae_02,taxogroup_2,2.68065751594544,3.73258393739822,3.19198104902642,0.226412133004177,4,phi,131
New_Bacillariaceae_02,taxogroup_2,2.6559629850699,3.69230884729083,3.1231974542505,0.213187171666819,5,phi,131
New_Bacillariaceae_02,taxogroup_2,2.6051925896164,3.67580154329168,3.05917885982424,0.206091819623796,6,phi,131
New_Bacillariaceae_02,taxogroup_2,2.60110917385578,3.64708404998234,3.00565227669522,0.194658850379669,7,phi,131
New_Bacillariaceae_02,taxogroup_2,2.56592410641048,3.56024105385553,2.96352179920702,0.190878016566706,8,phi,131
New_Bacillariaceae_02,taxogroup_2,2.55379641445474,3.51528421648423,2.92596496775271,0.186120558448331,9,phi,131
New_Bicosoecales_01,taxogroup_1,2.29275221914901,59.2733607751464,10.0056437113001,11.3779016772108,1,phi,131
New_Bicosoecales_01,taxogroup_1,1.94218740923609,29.7789968077658,7.01988033324414,7.50431851776053,10,phi,131
New_Bicosoecales_01,taxogroup_1,2.16624371306605,45.2908871005318,8.95453054436121,9.95850381372159,2,phi,131
New_Bicosoecales_01,taxogroup_1,2.10466044475687,43.0029573049143,8.52457513158805,9.41789389083802,3,phi,131
New_Bicosoecales_01,taxogroup_1,2.08951367318205,37.2373833036817,8.20233813940957,8.99694398564439,4,phi,131
New_Bicosoecales_01,taxogroup_1,2.06726883491394,37.180264413778,7.92406870520216,8.65192627074589,5,phi,131
New_Bicosoecales_01,taxogroup_1,2.00636003240838,34.6291713030153,7.68382777254342,8.34668052987756,6,phi,131
New_Bicosoecales_01,taxogroup_1,2.00169023026646,34.2867965098712,7.47294074813337,8.07399075018377,7,phi,131
New_Bicosoecales_01,taxogroup_1,1.96375849388158,34.0665598507175,7.30533199438691,7.86529654770689,8,phi,131
New_Bicosoecales_01,taxogroup_1,1.94622150405881,30.0672969889055,7.15517841421372,7.67196285247953,9,phi,131
New_Bicosoecales_01,taxogroup_2,1.71775927043443,40.5661307621401,7.76012707093388,8.64660987924927,1,phi,131
New_Bicosoecales_01,taxogroup_2,1.31540937077131,17.9229475125529,3.77241789888571,3.5286639392131,10,phi,131
New_Bicosoecales_01,taxogroup_2,1.67235883088006,34.3511988841013,6.64810993667465,7.18182407177899,2,phi,131
New_Bicosoecales_01,taxogroup_2,1.5495043682625,31.3185492099307,5.90348250431985,6.22611492619487,3,phi,131
New_Bicosoecales_01,taxogroup_2,1.54233696043545,27.7930481172375,5.3911584248214,5.55895474978563,4,phi,131
New_Bicosoecales_01,taxogroup_2,1.50387985817092,23.3655665922487,5.01907762926384,5.09293564478269,5,phi,131
New_Bicosoecales_01,taxogroup_2,1.48914433537178,22.5148344566871,4.69881267734614,4.70020721884571,6,phi,131
New_Bicosoecales_01,taxogroup_2,1.43454321267156,21.7443393298185,4.4237571358149,4.34674454276261,7,phi,131
New_Bicosoecales_01,taxogroup_2,1.40415680537758,20.0309589183984,4.19672767115058,4.06453894852206,8,phi,131
New_Bicosoecales_01,taxogroup_2,1.34255859320709,19.4167262030484,3.97347429273991,3.77598055226333,9,phi,131
New_Chlorophyta_01,supergroup,1.85356292528936,6.15963948848524,3.16468751234045,0.914323086693157,1,phi,131
New_Chlorophyta_01,supergroup,1.66307191309605,3.75415128142922,2.50565517001336,0.609929986312854,10,phi,131
New_Chlorophyta_01,supergroup,1.76542566561158,5.45535095443115,2.95742758052851,0.80810337890719,2,phi,131
New_Chlorophyta_01,supergroup,1.74330162960961,4.83341959789083,2.84743580420941,0.756199613294185,3,phi,131
New_Chlorophyta_01,supergroup,1.7280444114937,4.44205335501563,2.7695416338106,0.720502628784979,4,phi,131
New_Chlorophyta_01,supergroup,1.70348395603915,4.25855716289476,2.70373622197188,0.690527490523247,5,phi,131
New_Chlorophyta_01,supergroup,1.70038648065557,4.07875506091565,2.64807194042754,0.668276107573836,6,phi,131
New_Chlorophyta_01,supergroup,1.6972148858078,3.95455505241656,2.60340717019664,0.646117774993185,7,phi,131
New_Chlorophyta_01,supergroup,1.68662022055489,3.8807721827555,2.56660561419517,0.634954212679314,8,phi,131
New_Chlorophyta_01,supergroup,1.67420371380104,3.77779401205472,2.53415247722586,0.621286280315931,9,phi,131
New_Chlorophyta_01,taxogroup_1,1.85356292528936,6.15963948848524,3.15540640133472,0.913038493749252,1,phi,131
New_Chlorophyta_01,taxogroup_1,1.65763175148276,3.72932439975085,2.48700058593102,0.60302136758544,10,phi,131
New_Chlorophyta_01,taxogroup_1,1.76542566561158,5.45535095443115,2.93812912479186,0.801902264483008,2,phi,131
New_Chlorophyta_01,taxogroup_1,1.74330162960961,4.83341959789083,2.83091988053995,0.749149136620704,3,phi,131
New_Chlorophyta_01,taxogroup_1,1.7280444114937,4.27296660755662,2.75098082517041,0.714233287434887,4,phi,131
New_Chlorophyta_01,taxogroup_1,1.70348395603915,4.15338499416725,2.68001621514496,0.679816835299585,5,phi,131
New_Chlorophyta_01,taxogroup_1,1.70038648065557,4.07875506091565,2.62879899603032,0.660657563292604,6,phi,131
New_Chlorophyta_01,taxogroup_1,1.69524534295903,3.95455505241656,2.58633905041146,0.64281906222325,7,phi,131
New_Chlorophyta_01,taxogroup_1,1.68662022055489,3.8807721827555,2.55055739700224,0.629613295626043,8,phi,131
New_Chlorophyta_01,taxogroup_1,1.66307191309605,3.77779401205472,2.51572233775333,0.615130425078325,9,phi,131
New_Choanozoa_01,supergroup,1.41589189188681,7.74485585864818,3.23383845800585,1.21383405943304,1,phi,131
New_Choanozoa_01,supergroup,1.36577673017264,5.33342700995719,2.67130428177248,0.892289099688313,10,phi,131
New_Choanozoa_01,supergroup,1.41573101895338,6.5615747615269,3.05772327730787,1.108567761897,2,phi,131
New_Choanozoa_01,supergroup,1.39696348778673,6.22554405219745,2.95918383352672,1.05152937124448,3,phi,131
New_Choanozoa_01,supergroup,1.3952684766504,6.15600958063931,2.8940039385854,1.01647121684695,4,phi,131
New_Choanozoa_01,supergroup,1.38707896157206,5.94284966602902,2.83913788564072,0.985775362397716,5,phi,131
New_Choanozoa_01,supergroup,1.38113749926097,5.78212070375139,2.79339904055151,0.960730272714487,6,phi,131
New_Choanozoa_01,supergroup,1.37411559216883,5.76250780513732,2.75319780238648,0.936477131496908,7,phi,131
New_Choanozoa_01,supergroup,1.37323890141358,5.56479322329976,2.72236488603856,0.92011834680717,8,phi,131
New_Choanozoa_01,supergroup,1.36787932745541,5.36470399760435,2.69500974915495,0.903658528457701,9,phi,131
New_Choanozoa_01,taxogroup_1,1.25541668065359,6.26958964056782,2.61046782532966,0.903236259517582,1,phi,131
New_Choanozoa_01,taxogroup_1,1.17621780243619,3.60284774241567,1.9210783211649,0.497617944748709,10,phi,131
New_Choanozoa_01,taxogroup_1,1.25262253513757,5.57485914141033,2.39692671069721,0.776911534762265,2,phi,131
New_Choanozoa_01,taxogroup_1,1.22062946946622,5.02346969285482,2.28323964467833,0.70483983047662,3,phi,131
New_Choanozoa_01,taxogroup_1,1.21257430929716,4.8415719650004,2.20148078158251,0.658061456703674,4,phi,131
New_Choanozoa_01,taxogroup_1,1.20643087853776,4.36500035781029,2.13637776676653,0.62109675944225,5,phi,131
New_Choanozoa_01,taxogroup_1,1.19811124127814,4.06876434013603,2.07921810237557,0.587912432827453,6,phi,131
New_Choanozoa_01,taxogroup_1,1.18636030318438,3.96135783859787,2.032525088017,0.560544261409809,7,phi,131
New_Choanozoa_01,taxogroup_1,1.18418905305535,3.84933453816945,1.99302719187593,0.539087061767382,8,phi,131
New_Choanozoa_01,taxogroup_1,1.18122149746313,3.66982704801148,1.9534948119574,0.51586749352167,9,phi,131
New_Choreotrichida _01,taxogroup_2,1.80910881624705,11.0883120074543,4.44032685146227,1.98807595994622,1,phi,131
New_Choreotrichida _01,taxogroup_2,1.65930139983647,6.6718908621851,3.39886832034417,1.35869216194846,10,phi,131
New_Choreotrichida _01,taxogroup_2,1.76840070816766,9.17793748980666,4.12827753023474,1.79047308441124,2,phi,131
New_Choreotrichida _01,taxogroup_2,1.76339120289996,8.31387091320307,3.9199126354152,1.6614965162181,3,phi,131
New_Choreotrichida _01,taxogroup_2,1.71031735243963,7.69924279227453,3.7954594721881,1.58866307126786,4,phi,131
New_Choreotrichida _01,taxogroup_2,1.70295619704764,7.55845941740773,3.69515849065178,1.52832139122489,5,phi,131
New_Choreotrichida _01,taxogroup_2,1.70272485502322,7.54594195634475,3.61639565606641,1.48131322057309,6,phi,131
New_Choreotrichida _01,taxogroup_2,1.68501754602459,7.1615742504643,3.55308796775949,1.44684613455093,7,phi,131
New_Choreotrichida _01,taxogroup_2,1.66785077070218,6.94993924195033,3.49736171513462,1.41397455556188,8,phi,131
New_Choreotrichida _01,taxogroup_2,1.66682978450058,6.91247633888924,3.44473569801945,1.38256857294677,9,phi,131
New_Choreotrichida _01,taxogroup_middle,1.80351534302631,11.0883120074543,4.41074269569573,1.97203824655113,1,phi,131
New_Choreotrichida _01,taxogroup_middle,1.64432899427066,6.60184095885005,3.33896283660163,1.32441033469877,10,phi,131
New_Choreotrichida _01,taxogroup_middle,1.76840070816766,9.17793748980666,4.0689772412133,1.75787393092447,2,phi,131
New_Choreotrichida _01,taxogroup_middle,1.75623729879757,8.31387091320307,3.86972354790793,1.63563545407872,3,phi,131
New_Choreotrichida _01,taxogroup_middle,1.70534718357845,7.69924279227453,3.73983648265702,1.55792080747426,4,phi,131
New_Choreotrichida _01,taxogroup_middle,1.70295619704764,7.54594195634475,3.6394130580362,1.49815393302516,5,phi,131
New_Choreotrichida _01,taxogroup_middle,1.66682978450058,7.2402249290936,3.56420013929769,1.45396410039624,6,phi,131
New_Choreotrichida _01,taxogroup_middle,1.66410644277346,7.1615742504643,3.49745491325547,1.41588458995958,7,phi,131
New_Choreotrichida _01,taxogroup_middle,1.65919055559957,6.88282330435727,3.44009983418454,1.3827021346745,8,phi,131
New_Choreotrichida _01,taxogroup_middle,1.65658036089381,6.72587507186235,3.38515600900752,1.35046782436977,9,phi,131
New_Chrysochromulinaceae_01,taxogroup_2,1.27075699231131,7.38795384084941,2.54972994898207,0.92149453476362,1,phi,131
New_Chrysochromulinaceae_01,taxogroup_2,1.21059249284498,4.37460952067736,2.07874318222827,0.624160777098717,10,phi,131
New_Chrysochromulinaceae_01,taxogroup_2,1.25341912165484,6.23246131590025,2.40101173239691,0.821242144759732,2,phi,131
New_Chrysochromulinaceae_01,taxogroup_2,1.24542637076696,5.71202584367003,2.317628202322,0.767451356638834,3,phi,131
New_Chrysochromulinaceae_01,taxogroup_2,1.23089292618933,5.39733696740572,2.25800545025801,0.731322293121771,4,phi,131
New_Chrysochromulinaceae_01,taxogroup_2,1.22850739132801,4.91751621516032,2.20799184113274,0.699786947861162,5,phi,131
New_Chrysochromulinaceae_01,taxogroup_2,1.22087216972054,4.82853550923046,2.17483795017392,0.679590239547729,6,phi,131
New_Chrysochromulinaceae_01,taxogroup_2,1.22026643117772,4.76915233166279,2.14693897579579,0.663822610520816,7,phi,131
New_Chrysochromulinaceae_01,taxogroup_2,1.21607318821681,4.57976820043861,2.12322791783771,0.651594265413192,8,phi,131
New_Chrysochromulinaceae_01,taxogroup_2,1.21494281955607,4.5110213613928,2.10036387358588,0.638182906297526,9,phi,131
New_Chrysochromulinaceae_01,taxogroup_middle,1.24208327951594,6.68655796716548,2.45761764005683,0.86951538144617,1,phi,131
New_Chrysochromulinaceae_01,taxogroup_middle,1.18251608503037,4.11068107774258,1.96113048451892,0.556953401663706,10,phi,131
New_Chrysochromulinaceae_01,taxogroup_middle,1.23400995905071,5.4812775931844,2.30271335614882,0.765839322170734,2,phi,131
New_Chrysochromulinaceae_01,taxogroup_middle,1.22026643117772,5.22651867128596,2.21428605186892,0.708717228269965,3,phi,131
New_Chrysochromulinaceae_01,taxogroup_middle,1.21768989934974,5.03714953884932,2.15550363164165,0.673703022674883,4,phi,131
New_Chrysochromulinaceae_01,taxogroup_middle,1.20479058106295,4.91751621516032,2.11173017425491,0.647190053900717,5,phi,131
New_Chrysochromulinaceae_01,taxogroup_middle,1.20457584007772,4.82853550923046,2.07480529332921,0.626083762164572,6,phi,131
New_Chrysochromulinaceae_01,taxogroup_middle,1.19888509937025,4.74098439761487,2.04289484004047,0.605952176492604,7,phi,131
New_Chrysochromulinaceae_01,taxogroup_middle,1.19551849697649,4.4537237843006,2.01375302034239,0.588823841319741,8,phi,131
New_Chrysochromulinaceae_01,taxogroup_middle,1.1899420271038,4.2722730845506,1.98531034144344,0.572085775890698,9,phi,131
New_Chrysophyceae,taxogroup_1,1.62853855254117,14.2853241942423,4.3971032013351,1.87493435417966,1,phi,132
New_Chrysophyceae,taxogroup_1,1.52207883845358,8.071848699273,3.44022767169148,1.30929150660594,10,phi,132
New_Chrysophyceae,taxogroup_1,1.59140539464894,11.144092443619,4.04277227154851,1.6484475139044,2,phi,132
New_Chrysophyceae,taxogroup_1,1.58394494822128,10.4056768241621,3.89065631005404,1.5598524870166,3,phi,132
New_Chrysophyceae,taxogroup_1,1.58177195574597,9.60992540062495,3.78533925414027,1.4967910842172,4,phi,132
New_Chrysophyceae,taxogroup_1,1.57418885748809,9.0828553119038,3.70345280829177,1.45039920383847,5,phi,132
New_Chrysophyceae,taxogroup_1,1.55740393919865,8.9699734848701,3.63627384207692,1.41395584022426,6,phi,132
New_Chrysophyceae,taxogroup_1,1.53713964119907,8.56288237129002,3.57734221140022,1.38069930666811,7,phi,132
New_Chrysophyceae,taxogroup_1,1.53474301510707,8.27097332539028,3.52794067632698,1.35617768914734,8,phi,132
New_Chrysophyceae,taxogroup_1,1.52943994839615,8.11368097827605,3.48297124553663,1.33356378554369,9,phi,132
New_Chrysophyceae,taxogroup_2,1.43803862456556,10.4073107657213,3.63424567277415,1.48258952138327,1,phi,132
New_Chrysophyceae,taxogroup_2,1.306867798224,6.01916700416757,2.56773839208361,0.851418833439901,10,phi,132
New_Chrysophyceae,taxogroup_2,1.41423114487379,9.81628198458864,3.29577586934345,1.27003940494506,2,phi,132
New_Chrysophyceae,taxogroup_2,1.3831327032637,9.17728450679559,3.11988127980612,1.16228469043543,3,phi,132
New_Chrysophyceae,taxogroup_2,1.3713233857136,8.11368097827605,2.99329882438717,1.09072329383216,4,phi,132
New_Chrysophyceae,taxogroup_2,1.34997045119318,8.071848699273,2.8901192055861,1.03068992101685,5,phi,132
New_Chrysophyceae,taxogroup_2,1.34738057871132,6.65958222324599,2.79848955371647,0.97574179984314,6,phi,132
New_Chrysophyceae,taxogroup_2,1.33840364629737,6.37278452101943,2.72787038125501,0.933282194390441,7,phi,132
New_Chrysophyceae,taxogroup_2,1.3266613385856,6.34177884483539,2.66973816206042,0.904828589810666,8,phi,132
New_Chrysophyceae,taxogroup_2,1.32029209090345,6.17132352623848,2.6169988116021,0.877970568213791,9,phi,132
New_Ciliophora_01,supergroup,4.82288686906572,11.1199393807493,6.65654273794781,1.16225008456198,1,phi,131
New_Ciliophora_01,supergroup,4.29456434776054,6.47847366804872,5.34382983369066,0.749302938765218,10,phi,131
New_Ciliophora_01,supergroup,4.76221019631414,8.46292839611898,6.16692107097733,0.95906173663439,2,phi,131
New_Ciliophora_01,supergroup,4.62781051440053,7.68217743549491,5.93377702371927,0.878053172940652,3,phi,131
New_Ciliophora_01,supergroup,4.53225072928246,7.36642743110691,5.79533759963913,0.845334327364146,4,phi,131
New_Ciliophora_01,supergroup,4.44462647750698,7.24222291764913,5.68257274023898,0.821882855582498,5,phi,131
New_Ciliophora_01,supergroup,4.41634699131466,7.13304184296055,5.5961576125777,0.803569334087549,6,phi,131
New_Ciliophora_01,supergroup,4.4088421944368,7.07277311789681,5.51350457757231,0.788182011787585,7,phi,131
New_Ciliophora_01,supergroup,4.35149161662652,6.96425889393739,5.45086186836487,0.771877346231837,8,phi,131
New_Ciliophora_01,supergroup,4.30145029231872,6.52881705568774,5.38972749903734,0.757976708076778,9,phi,131
New_Ciliophora_01,taxogroup_1,3.97731866815519,8.01080817160934,5.58952001491732,0.920007373120189,1,phi,131
New_Ciliophora_01,taxogroup_1,3.52143814556086,5.39771526755595,4.36524904528216,0.591924726576473,10,phi,131
New_Ciliophora_01,taxogroup_1,3.85671471147641,6.86872156952754,5.1875998470758,0.787873869110072,2,phi,131
New_Ciliophora_01,taxogroup_1,3.74020935493358,6.5028403489788,4.97749422411496,0.735796181387693,3,phi,131
New_Ciliophora_01,taxogroup_1,3.72243255745779,6.39651037161887,4.82974749867733,0.696925198379031,4,phi,131
New_Ciliophora_01,taxogroup_1,3.63382362781665,6.025454792342,4.71329594815243,0.668436993137414,5,phi,131
New_Ciliophora_01,taxogroup_1,3.59863763330481,5.83945693348163,4.61752374680807,0.647213121786073,6,phi,131
New_Ciliophora_01,taxogroup_1,3.59476818940235,5.61195412947388,4.5377680044551,0.625725404153603,7,phi,131
New_Ciliophora_01,taxogroup_1,3.56583479058253,5.51681733471812,4.46904806585324,0.613029592395093,8,phi,131
New_Ciliophora_01,taxogroup_1,3.54186841259836,5.4339629220633,4.41495130324294,0.602692475674624,9,phi,131
New_Cyrtolophosidida_01,taxogroup_2,1.52826109732332,9.32043395026738,3.40253676346221,1.55163680328046,1,phi,131
New_Cyrtolophosidida_01,taxogroup_2,1.18747567507725,3.64166030851562,1.84404627904881,0.543917888974549,10,phi,131
New_Cyrtolophosidida_01,taxogroup_2,1.49055935296935,6.02355830931611,2.90862456669866,1.19137974900422,2,phi,131
New_Cyrtolophosidida_01,taxogroup_2,1.43907218136452,5.81885040538315,2.6530763582675,1.03592356865086,3,phi,131
New_Cyrtolophosidida_01,taxogroup_2,1.3469176959569,5.03010036632033,2.48267753748262,0.924347256365959,4,phi,131
New_Cyrtolophosidida_01,taxogroup_2,1.32773247532086,4.76901768693272,2.35662970653933,0.84665443452956,5,phi,131
New_Cyrtolophosidida_01,taxogroup_2,1.26584318772683,4.47904300969552,2.24246003190486,0.779613592740184,6,phi,131
New_Cyrtolophosidida_01,taxogroup_2,1.2366685649603,4.4113231738697,2.13332599029274,0.716231556108231,7,phi,131
New_Cyrtolophosidida_01,taxogroup_2,1.22444513270102,3.94451875391481,2.02205664028585,0.643810738566939,8,phi,131
New_Cyrtolophosidida_01,taxogroup_2,1.19790308624415,3.8069790637969,1.9253620650454,0.587025298244642,9,phi,131
New_Cyrtolophosidida_01,taxogroup_middle,1.3716093560516,7.29379769383906,2.90469580549173,1.28289717370621,1,phi,131
New_Cyrtolophosidida_01,taxogroup_middle,1.27404761249352,6.02355830931611,2.43498821309435,0.951381268748161,2,phi,131
New_Cyrtolophosidida_01,taxogroup_middle,1.24609935702044,4.94737766844082,2.16828658689272,0.776352270489378,3,phi,131
New_Cyrtolophosidida_01,taxogroup_middle,1.15291112834488,4.18717207408007,1.93086360257276,0.630504794864246,4,phi,131
New_Cyrtolophosidida_01,taxogroup_middle,1.08194013019301,3.86351287535643,1.69286955706091,0.498408914996477,5,phi,131
New_Cyrtolophosidida_01,taxogroup_middle,0.832037982120523,3.44346933269198,1.45130705413444,0.383045651863361,6,phi,131
New_Haptophyta_01,supergroup,1.25622112324692,3.37940105058059,1.53309853018115,0.437073548783819,1,phi,131
New_Haptophyta_01,supergroup,1.20447256760292,2.51858942590191,1.378560687104,0.30998481652632,10,phi,131
New_Haptophyta_01,supergroup,1.25293375692296,3.22982267817563,1.4855162667433,0.397073996958513,2,phi,131
New_Haptophyta_01,supergroup,1.24025504097011,3.02197201236365,1.45878911213437,0.374363551568752,3,phi,131
New_Haptophyta_01,supergroup,1.23100394435505,2.87013114318769,1.43788867708737,0.358283272522085,4,phi,131
New_Haptophyta_01,supergroup,1.22472899426391,2.70120518938787,1.42268140807616,0.344339135014977,5,phi,131
New_Haptophyta_01,supergroup,1.22307604173152,2.62049336621937,1.41070963577755,0.3355078400696,6,phi,131
New_Haptophyta_01,supergroup,1.21691003001926,2.59771261272634,1.40084844387459,0.327940035792946,7,phi,131
New_Haptophyta_01,supergroup,1.20975350887558,2.53546977301217,1.3920936555042,0.321183631160201,8,phi,131
New_Haptophyta_01,supergroup,1.20804434129824,2.5236698733449,1.38508324575319,0.31547630669715,9,phi,131
New_MALV-I_01,taxogroup_1,5.32679703411424,79.2756865845752,28.9250764884843,23.0677006754916,1,phi,132
New_MALV-I_01,taxogroup_1,4.70404806038569,42.9383774795758,22.3490119095698,17.3422231409556,10,phi,132
New_MALV-I_01,taxogroup_1,5.24752771562382,58.6393826618889,26.5905366720485,20.8973009718826,2,phi,132
New_MALV-I_01,taxogroup_1,5.14877886542898,52.6198431577061,25.3531198063952,19.8231651281656,3,phi,132
New_MALV-I_01,taxogroup_1,5.03715992047658,49.7877244331197,24.5947619852777,19.1901370017885,4,phi,132
New_MALV-I_01,taxogroup_1,4.94257990195603,48.3462165154347,24.0535525134943,18.7430094459378,5,phi,132
New_MALV-I_01,taxogroup_1,4.88152507504783,47.8665500176335,23.5730486606853,18.3536165922668,6,phi,132
New_MALV-I_01,taxogroup_1,4.86588481455537,46.9839509773434,23.1494583607664,17.9961574341361,7,phi,132
New_MALV-I_01,taxogroup_1,4.77113916171509,43.6059764305256,22.8421149124575,17.7396600761478,8,phi,132
New_MALV-I_01,taxogroup_1,4.767161842806,43.2722803414937,22.5710393776453,17.5176151816704,9,phi,132
New_MALV-I_01,taxogroup_2,5.06153028546336,73.918709965034,27.8048729504668,22.1207585056592,1,phi,132
New_MALV-I_01,taxogroup_2,4.54405791180802,41.1454052917866,21.2375962479354,16.4418893330418,10,phi,132
New_MALV-I_01,taxogroup_2,5.0055536903391,57.2319435342304,25.5118600393348,20.0184075402494,2,phi,132
New_MALV-I_01,taxogroup_2,4.94257990195603,52.6198431577061,24.3688325996637,19.0334330456038,3,phi,132
New_MALV-I_01,taxogroup_2,4.77113916171509,48.0100386682144,23.5376374195156,18.3430349195827,4,phi,132
New_MALV-I_01,taxogroup_2,4.73705929703549,46.4743798972593,22.9445024325521,17.8453581787701,5,phi,132
New_MALV-I_01,taxogroup_2,4.70404806038569,45.8043010823582,22.5083214666249,17.4886264617876,6,phi,132
New_MALV-I_01,taxogroup_2,4.60819316600949,43.6059764305256,22.1406910766168,17.1821490152099,7,phi,132
New_MALV-I_01,taxogroup_2,4.59934169366384,43.2722803414937,21.8099196875892,16.9068717751991,8,phi,132
New_MALV-I_01,taxogroup_2,4.5935843191383,41.8294410504774,21.5256998943701,16.6742038379168,9,phi,132
New_MALV-II_01,taxogroup_1,41.8937766852547,79.2756865845752,51.5358700718755,6.11905712211178,1,phi,132
New_MALV-II_01,taxogroup_1,36.6303376758033,42.9383774795758,39.6334618764068,1.30767271165562,10,phi,132
New_MALV-II_01,taxogroup_1,41.1445443431308,58.6393826618889,47.3076591293901,3.40716897837937,2,phi,132
New_MALV-II_01,taxogroup_1,40.4900769048016,52.6198431577061,45.065007467163,2.40321656107783,3,phi,132
New_MALV-II_01,taxogroup_1,39.085467643285,49.7877244331197,43.6892557709392,2.12178356180858,4,phi,132
New_MALV-II_01,taxogroup_1,38.2787404777442,48.3462165154347,42.7086698692358,1.97059746159911,5,phi,132
New_MALV-II_01,taxogroup_1,37.9469074823598,47.8665500176335,41.8463507548316,1.81914094058092,6,phi,132
New_MALV-II_01,taxogroup_1,37.6141946158497,46.9839509773434,41.0746109882858,1.62130688655678,7,phi,132
New_MALV-II_01,taxogroup_1,37.2007414166566,43.6059764305256,40.519631542255,1.41536686560409,8,phi,132
New_MALV-II_01,taxogroup_1,36.6484030377136,43.2722803414937,40.0300661889231,1.32703576010976,9,phi,132
New_MALV-II_01,taxogroup_2,38.8454409708428,73.918709965034,48.4773648678258,5.79356711771802,1,phi,132
New_MALV-II_01,taxogroup_2,33.0303248165362,40.4652819594579,36.6108495976333,1.43725831253628,10,phi,132
New_MALV-II_01,taxogroup_2,38.2787404777442,55.7486533379205,44.2656515175436,3.40606966182579,2,phi,132
New_MALV-II_01,taxogroup_2,37.2007414166566,51.6767912421892,42.1633916019732,2.73049690166916,3,phi,132
New_MALV-II_01,taxogroup_2,36.3209714065983,47.0857137546668,40.8138516702822,2.25721554563786,4,phi,132
New_MALV-II_01,taxogroup_2,35.784852254362,45.8043010823582,39.7802437182015,1.97862259085769,5,phi,132
New_MALV-II_01,taxogroup_2,35.4888441998177,44.6144229849685,38.9265875613519,1.84500748694972,6,phi,132
New_MALV-II_01,taxogroup_2,35.1496686853684,43.6059764305256,38.3158723462907,1.72061966779413,7,phi,132
New_MALV-II_01,taxogroup_2,33.4648321849544,43.2722803414937,37.668273198236,1.61291196812963,8,phi,132
New_MALV-II_01,taxogroup_2,33.4495802849646,41.8294410504774,37.1396202509005,1.4799371394484,9,phi,132
New_MAST-4,taxogroup_1,1.2363566404606,57.2546373527791,4.11995849014319,7.28516542338051,1,phi,132
New_MAST-4,taxogroup_1,1.17408417465279,30.7565538727575,3.09085440521817,4.84383457135649,10,phi,132
New_MAST-4,taxogroup_1,1.21963840713137,43.5990758441356,3.79072693657964,6.49418987781973,2,phi,132
New_MAST-4,taxogroup_1,1.21582966688922,40.267319198491,3.60262781051809,6.04813993444364,3,phi,132
New_MAST-4,taxogroup_1,1.20201438608683,38.609461192504,3.48195809563478,5.76529387064743,4,phi,132
New_MAST-4,taxogroup_1,1.20085457289143,36.6279429220294,3.37710278343557,5.51209865610562,5,phi,132
New_MAST-4,taxogroup_1,1.18908590068547,35.2505478317435,3.30500556439722,5.34468992245526,6,phi,132
New_MAST-4,taxogroup_1,1.18061193066272,33.0807829040073,3.24251756697293,5.19966598565821,7,phi,132
New_MAST-4,taxogroup_1,1.17615000995016,31.785737297487,3.18933749060835,5.07856615778262,8,phi,132
New_MAST-4,taxogroup_1,1.17570503880203,31.5437054330331,3.13428055403066,4.94534060446059,9,phi,132
New_MAST-4,taxogroup_2,1.13981670018541,51.2637528539823,3.2216280777658,5.26174164501383,1,phi,132
New_MAST-4,taxogroup_2,1.0424966514023,14.9794106699287,1.83997634677396,1.98681534087164,10,phi,132
New_MAST-4,taxogroup_2,1.10454346825146,34.2022412911668,2.81502497759187,4.28082803806222,2,phi,132
New_MAST-4,taxogroup_2,1.09550441295019,30.7565538727575,2.59741670848452,3.76279887740038,3,phi,132
New_MAST-4,taxogroup_2,1.08626740309662,25.6563661893148,2.42398027644697,3.34221038790851,4,phi,132
New_MAST-4,taxogroup_2,1.06583206229306,22.0408000995479,2.29595940720957,3.04078668448805,5,phi,132
New_MAST-4,taxogroup_2,1.06206951379024,21.8813162985068,2.19375564568472,2.81253947163802,6,phi,132
New_MAST-4,taxogroup_2,1.05957193196398,19.5234140794802,2.08661780652206,2.55585723313985,7,phi,132
New_MAST-4,taxogroup_2,1.05119616988697,17.911483085755,1.99701319309482,2.34945866598102,8,phi,132
New_MAST-4,taxogroup_2,1.04400651643394,17.5660419871342,1.92171306510234,2.1807929149535,9,phi,132
Ostreococcus,genus,1.064140169482,2.07532780544842,1.35958419135253,0.179888760129141,1,phi,132
Ostreococcus,genus,0.991063776265833,1.69506944402979,1.18044869596714,0.11904093278528,2,phi,132
Ostreococcus,taxogroup_middle,1.08159894953907,2.07532780544842,1.4008647419341,0.16851781980341,1,phi,132
Ostreococcus,taxogroup_middle,1.02967911739663,1.69506944402979,1.24867899072364,0.115810750946705,2,phi,132
Ostreococcus,taxogroup_middle,0.961940305599466,1.62305591645299,1.14615655708945,0.0927276523510974,3,phi,132
Pelagococcus,genus,1.25718910260623,3.46202050230087,1.99248201931942,0.343792622620603,1,phi,132
Pelagococcus,genus,1.24478593018941,2.48535089408023,1.68958963527445,0.238420785328229,2,phi,132
Pelagococcus,genus,1.14692553731204,2.09144528338392,1.48760530583258,0.19161798861885,3,phi,132
Pelagococcus,genus,1.03256163868207,2.08450940224215,1.30740050882575,0.167118404117391,4,phi,132
Pelagococcus,taxogroup_middle,1.66092113089731,3.61845083469446,2.33299654690575,0.309170674167628,1,phi,132
Pelagococcus,taxogroup_middle,1.27447815354945,1.84205705319555,1.51697643821185,0.0967947016549058,10,phi,132
Pelagococcus,taxogroup_middle,1.60789262226118,3.1542517069099,2.09036605658268,0.220281782996759,2,phi,132
Pelagococcus,taxogroup_middle,1.57984778308399,2.43459290793785,1.95538381930367,0.17371506433061,3,phi,132
Pelagococcus,taxogroup_middle,1.53875521096712,2.35029612432134,1.85515644574258,0.146173542903819,4,phi,132
Pelagococcus,taxogroup_middle,1.51346362063699,2.25695296509338,1.78059978562282,0.130025961206573,5,phi,132
Pelagococcus,taxogroup_middle,1.44347623756766,2.10288614652121,1.72550308780825,0.123515210263401,6,phi,132
Pelagococcus,taxogroup_middle,1.42817008391678,2.00818148285031,1.66519566666947,0.113030510269856,7,phi,132
Pelagococcus,taxogroup_middle,1.399529799025,1.95944129483593,1.60907229911955,0.102962448516204,8,phi,132
Pelagococcus,taxogroup_middle,1.29581197836058,1.84310399962001,1.55832291798492,0.0965354920479231,9,phi,132
Phaeocystis,genus,1.0383973645524,8.75582332015926,1.59260373623302,0.854354572667767,1,phi,132
Phaeocystis,genus,1.03227158560103,5.47680252421733,1.43360876345336,0.616501746181468,2,phi,132
Phaeocystis,genus,1.0242480442786,4.57624917104313,1.35775072513049,0.512995557147332,3,phi,132
Phaeocystis,genus,1.0130736876286,4.37202155333726,1.29193125738586,0.427453454099569,4,phi,132
Phaeocystis,genus,1.00755394439059,3.73426807312557,1.23650112167941,0.350805694199152,5,phi,132
Phaeocystis,genus,0.997233343788469,3.13656121143802,1.1745915354049,0.268177213662112,6,phi,132
Phaeocystis,genus,0.885710624989505,2.80943482284151,1.11326064438659,0.195973513263385,7,phi,132
Phaeocystis,taxogroup_middle,1.06090013713777,10.5460086218745,1.71344457794735,1.01918558993718,1,phi,132
Phaeocystis,taxogroup_middle,1.0220509013119,3.56638529181849,1.28593763740632,0.405159464932075,10,phi,132
Phaeocystis,taxogroup_middle,1.04570257351451,6.82995469028389,1.58585041852608,0.822785735204197,2,phi,132
Phaeocystis,taxogroup_middle,1.04451715515924,6.29729305514475,1.51672516974946,0.729144573171053,3,phi,132
Phaeocystis,taxogroup_middle,1.03794061458919,5.36350397056611,1.46101767747548,0.645127487718715,4,phi,132
Phaeocystis,taxogroup_middle,1.03592864890069,5.08741840113767,1.41958010212262,0.588398861249608,5,phi,132
Phaeocystis,taxogroup_middle,1.0265913732278,4.37202155333726,1.38652654534914,0.542597423839885,6,phi,132
Phaeocystis,taxogroup_middle,1.0263164652399,3.96138782168414,1.35691977021577,0.500965601699947,7,phi,132
Phaeocystis,taxogroup_middle,1.02327726550453,3.90256338544209,1.33182566805428,0.467812225649135,8,phi,132
Phaeocystis,taxogroup_middle,1.02215166710392,3.77856976140406,1.30807889624986,0.43611012107508,9,phi,132
Picochlorum,taxogroup_middle,2.9200986216419,10.0172111702361,5.59606221376736,1.28113096663933,1,phi,132
Picochlorum,taxogroup_middle,2.62559128302116,6.91944445423458,4.34964221044247,0.87854957287561,2,phi,132
Picochlorum,taxogroup_middle,2.42405024184612,5.85237681167644,3.71904457499677,0.738103318750244,3,phi,132
Picochlorum,taxogroup_middle,2.0207998535129,4.93569882382605,3.20380185948043,0.573786039370242,4,phi,132
Picochlorum,taxogroup_middle,1.55986086767577,4.90983442119339,2.82305692526261,0.534085888804933,5,phi,132
Picochlorum,taxogroup_middle,1.46118402342925,4.15572076391739,2.38052768008498,0.488326079362088,6,phi,132
Picochlorum,taxogroup_middle,1.02043366703927,3.27759360620006,1.89754603965468,0.451980372791782,7,phi,132
Prasinoderma,genus,1.2239086766685,3.0891398152239,1.84263702011784,0.403427311595323,1,phi,132
Prasinoderma,genus,1.14327042150697,2.51959427041527,1.61547687019226,0.297871160867049,2,phi,132
Prasinoderma,genus,1.08247941921077,2.41720067514807,1.46945678045762,0.239398629859239,3,phi,132
Prasinoderma,genus,1.04811269446221,1.97830035097413,1.35166905482689,0.200824531237594,4,phi,132
Prasinoderma,genus,0.976754063080208,1.79581292632071,1.22235105348916,0.139464332740292,5,phi,132
Prasinoderma,taxogroup_middle,1.25966187519155,3.21200951402842,1.92717195529078,0.426310976350154,1,phi,132
Prasinoderma,taxogroup_middle,1.2239086766685,3.06274193846301,1.70675153998643,0.325319007302746,2,phi,132
Prasinoderma,taxogroup_middle,1.10776117796265,2.51959427041527,1.56735166905825,0.265598167384597,3,phi,132
Prasinoderma,taxogroup_middle,1.08247941921077,2.41720067514807,1.46983607628599,0.228466842247548,4,phi,132
Prasinoderma,taxogroup_middle,1.04811269446221,1.89759551642694,1.37205825387142,0.189001503705481,5,phi,132
Prasinoderma,taxogroup_middle,1.04206564466282,1.82986534304544,1.28543780322656,0.155556678304094,6,phi,132
Prasinoderma,taxogroup_middle,0.969771237192806,1.56884720729607,1.18920514800745,0.120309252651694,7,phi,132
Pseudo-nitzschia,genus,1.26905991219925,7.4243391694627,3.25367455400944,1.40956352844204,1,phi,132
Pseudo-nitzschia,genus,1.122604180301,3.20991277557133,1.90116744513623,0.549725853198608,10,phi,132
Pseudo-nitzschia,genus,1.23549488897156,5.94715537060357,2.84999697796121,1.1358762497101,2,phi,132
Pseudo-nitzschia,genus,1.23216094927674,5.64503535362568,2.60731064422133,0.972014924077303,3,phi,132
Pseudo-nitzschia,genus,1.22460542207971,4.85813289187324,2.44631042751553,0.868943476732286,4,phi,132
Pseudo-nitzschia,genus,1.19040422975753,4.62578634915882,2.32044227471442,0.792971789490937,5,phi,132
Pseudo-nitzschia,genus,1.16524111184992,3.85375789680979,2.21568921079704,0.730051337996791,6,phi,132
Pseudo-nitzschia,genus,1.16162264733923,3.82561738122288,2.12785854251806,0.67926902112565,7,phi,132
Pseudo-nitzschia,genus,1.13642687323997,3.6362594186196,2.03922291679823,0.626310393063591,8,phi,132
Pseudo-nitzschia,genus,1.12815315442968,3.42843545782159,1.96471581344405,0.582107312396267,9,phi,132
Pseudo-nitzschia,taxogroup_middle,1.46495769769371,8.57476435387671,3.9233591087255,1.73687546032624,1,phi,132
Pseudo-nitzschia,taxogroup_middle,1.35569630409709,5.02245863125226,2.89414394141875,1.09370238963144,10,phi,132
Pseudo-nitzschia,taxogroup_middle,1.4574280283974,7.1291715554686,3.6062591548381,1.52030436758765,2,phi,132
Pseudo-nitzschia,taxogroup_middle,1.44901138991143,7.08430570812978,3.43256405003388,1.41789780394104,3,phi,132
Pseudo-nitzschia,taxogroup_middle,1.42971294809108,5.99681652182566,3.30766155097536,1.34037912165798,4,phi,132
Pseudo-nitzschia,taxogroup_middle,1.40786704948451,5.7767778668272,3.20579502803218,1.27707566657697,5,phi,132
Pseudo-nitzschia,taxogroup_middle,1.37465602406449,5.40144895266654,3.12461451223907,1.23188291192134,6,phi,132
Pseudo-nitzschia,taxogroup_middle,1.36924196409883,5.29881785853926,3.05135285293002,1.189048376489,7,phi,132
Pseudo-nitzschia,taxogroup_middle,1.36909131321045,5.20640801600665,2.9902028630505,1.15062793800146,8,phi,132
Pseudo-nitzschia,taxogroup_middle,1.3579545366955,5.03678839986291,2.94042753600049,1.12160251624985,9,phi,132
Pycnococcus,genus,1.02727178333193,3.61978161446167,1.82447496385734,0.508797897312409,1,phi,132
Pycnococcus,taxogroup_middle,1.02727178333193,3.61978161446167,1.82447496385734,0.508797897312409,1,phi,132
Sister_Pelagomonas,genus,0.830066369979144,4.71686288397283,2.04313083555806,0.586011664621446,1,phi,132
Sister_Pelagomonas,taxogroup_middle,1.91464218001205,5.84513279326061,3.19901288445466,0.663838894119663,1,phi,132
Sister_Pelagomonas,taxogroup_middle,1.40566226515771,2.55046981599005,1.85033088905992,0.225305266952796,10,phi,132
Sister_Pelagomonas,taxogroup_middle,1.86284256106142,4.98843895940096,2.79897916125694,0.501048035818523,2,phi,132
Sister_Pelagomonas,taxogroup_middle,1.74607694781153,4.03989457020845,2.58001560615799,0.415519801829979,3,phi,132
Sister_Pelagomonas,taxogroup_middle,1.71790631822244,3.48997794027153,2.40657117941115,0.356248326143006,4,phi,132
Sister_Pelagomonas,taxogroup_middle,1.67904422334356,3.31831215260567,2.28289033466352,0.320099372868631,5,phi,132
Sister_Pelagomonas,taxogroup_middle,1.61320787785782,3.03519519745915,2.18765083849008,0.300426373316058,6,phi,132
Sister_Pelagomonas,taxogroup_middle,1.58977825563986,2.86055438170149,2.09516428770797,0.272852595513893,7,phi,132
Sister_Pelagomonas,taxogroup_middle,1.5546556231341,2.7646446788431,2.00337188348238,0.251407746169789,8,phi,132
Sister_Pelagomonas,taxogroup_middle,1.52429161534073,2.55382402851873,1.91968932175769,0.236514781954557,9,phi,132
Skeletonema,genus,1.67241241423264,6.76772121669839,3.17337445658116,1.03226155003219,1,phi,132
Skeletonema,genus,1.46658681212095,5.27970212749663,2.64222132580339,0.756637809524879,2,phi,132
Skeletonema,genus,1.45237798992791,4.64864010898287,2.36193580466347,0.615202220997141,3,phi,132
Skeletonema,genus,1.4338232372403,3.81098290991335,2.15903801422144,0.510219996254559,4,phi,132
Skeletonema,genus,1.33044482921252,3.342538310026,2.00044483781774,0.450265587953061,5,phi,132
Skeletonema,genus,1.28925631927194,3.16878297732462,1.85654732339644,0.384074752966952,6,phi,132
Skeletonema,genus,1.16653157298732,2.89278575619998,1.7017545625077,0.333133398718675,7,phi,132
Skeletonema,genus,1.05765737279172,2.77707835954882,1.5628803877344,0.296521141009714,8,phi,132
Skeletonema,genus,0.917588912971837,2.27748505781038,1.36571487713712,0.232874714844405,9,phi,132
Skeletonema,taxogroup_middle,2.41715666958533,10.1814492819195,4.37277328858484,1.41156925159394,1,phi,132
Skeletonema,taxogroup_middle,2.0626642617126,4.96532419207692,3.15289620811604,0.840565315710657,10,phi,132
Skeletonema,taxogroup_middle,2.21705786057794,7.21980127342839,3.92747789003522,1.18140872999367,2,phi,132
Skeletonema,taxogroup_middle,2.1980873089028,6.97021778200195,3.74420762322785,1.1089488563907,3,phi,132
Skeletonema,taxogroup_middle,2.18836099346135,6.04807934408681,3.60393107424911,1.02904538956637,4,phi,132
Skeletonema,taxogroup_middle,2.17179402503769,5.90546863347386,3.4960977836514,0.982451561279833,5,phi,132
Skeletonema,taxogroup_middle,2.1614536722771,5.44878259399327,3.4011822359375,0.945838816506992,6,phi,132
Skeletonema,taxogroup_middle,2.11511317111831,5.30741048333297,3.32010214456901,0.910141927826798,7,phi,132
Skeletonema,taxogroup_middle,2.08785310483587,5.19243517446168,3.25597406256094,0.880568192533395,8,phi,132
Skeletonema,taxogroup_middle,2.07070984304741,4.98094025539975,3.20330787591656,0.860552980915854,9,phi,132
Strombidium,genus,1.44254818490068,7.19623007803748,3.3343180017772,1.05859940673839,1,phi,132
Strombidium,genus,1.24940005753604,4.81321517153806,2.3766940938326,0.626491945385205,2,phi,132
Strombidium,genus,1.06760143613677,4.02102121970091,1.80325269822896,0.48255257994242,3,phi,132
Strombidium,taxogroup_middle,3.54195815550012,9.54620686917683,5.75558743431666,1.27465770621799,1,phi,132
Strombidium,taxogroup_middle,2.95128575468776,5.63058077822578,4.26691294893879,0.789961675123439,10,phi,132
Strombidium,taxogroup_middle,3.34002691544833,8.00016112582575,5.2809197001902,1.08644022940758,2,phi,132
Strombidium,taxogroup_middle,3.29451756805753,7.28018166815541,5.00101827887111,1.00378408068775,3,phi,132
Strombidium,taxogroup_middle,3.16814903177054,6.67590160434798,4.82265920093087,0.944908433098333,4,phi,132
Strombidium,taxogroup_middle,3.15538628286259,6.54680494544874,4.68448686649952,0.909938256080461,5,phi,132
Strombidium,taxogroup_middle,3.1032412938628,6.28780521123144,4.58170494981421,0.876924973180795,6,phi,132
Strombidium,taxogroup_middle,3.06437307076121,6.04543197683617,4.49381665559116,0.855087272979633,7,phi,132
Strombidium,taxogroup_middle,2.97415594593376,5.98405329370248,4.41009985966351,0.830260330643125,8,phi,132
Strombidium,taxogroup_middle,2.95387498711527,5.74938547570145,4.33463914713374,0.807068559956569,9,phi,132
Synedropsis,taxogroup_middle,1.7519376893148,2.57760143141325,2.04540999666857,0.15010870170134,1,phi,132
Synedropsis,taxogroup_middle,1.57405927647971,1.8353054400342,1.67455258728349,0.0493525293616707,10,phi,132
Synedropsis,taxogroup_middle,1.69675876045703,2.27933570633554,1.92647973448913,0.0975713825994094,2,phi,132
Synedropsis,taxogroup_middle,1.69113597576617,2.26245093247914,1.86673150671833,0.0848256540992852,3,phi,132
Synedropsis,taxogroup_middle,1.66705843707245,2.01441915367046,1.82044680970258,0.0693119126929379,4,phi,132
Synedropsis,taxogroup_middle,1.62984318829936,1.97849181093219,1.78445923607404,0.0614203032552841,5,phi,132
Synedropsis,taxogroup_middle,1.62284577171962,1.90859278129068,1.75599733120463,0.0595534689049927,6,phi,132
Synedropsis,taxogroup_middle,1.61778315634868,1.87774282810923,1.73128338556065,0.0551635854093051,7,phi,132
Synedropsis,taxogroup_middle,1.60570404146788,1.85182070740527,1.71108016966421,0.0547632856176177,8,phi,132
Synedropsis,taxogroup_middle,1.57728848884396,1.84480460174862,1.69387396920767,0.0515839342617725,9,phi,132
Thalassiosira,genus,1.36219753678416,4.73996727582707,2.34434147828484,0.534848950204098,1,phi,132
Thalassiosira,genus,1.20678297624778,2.25056825757021,1.57772165166274,0.207397500151348,10,phi,132
Thalassiosira,genus,1.33946176886976,3.53627605515167,2.10296408821211,0.414671832386951,2,phi,132
Thalassiosira,genus,1.31999990666498,3.16073453258285,1.97550138471576,0.360867577334736,3,phi,132
Thalassiosira,genus,1.25865318810599,2.97244281981487,1.87659644920011,0.32484880746402,4,phi,132
Thalassiosira,genus,1.25805386745247,2.83559680365062,1.81923514238787,0.303725572865332,5,phi,132
Thalassiosira,genus,1.24428452003942,2.78434806182366,1.75446454988848,0.277573885619055,6,phi,132
Thalassiosira,genus,1.23899247824539,2.46603161498163,1.70781560966963,0.257612844607279,7,phi,132
Thalassiosira,genus,1.23253010693075,2.39181889438241,1.66516139202242,0.242661616966206,8,phi,132
Thalassiosira,genus,1.21287677273805,2.38752733604031,1.62106761163963,0.227418120435651,9,phi,132
Thalassiosira,taxogroup_middle,1.64153298520341,5.74205235374143,2.72661820910378,0.635741035766814,1,phi,132
Thalassiosira,taxogroup_middle,1.44061245069198,3.00952109787976,2.10104164917131,0.3725511430631,10,phi,132
Thalassiosira,taxogroup_middle,1.52093640440165,4.21747583504921,2.50633880593739,0.528564355151942,2,phi,132
Thalassiosira,taxogroup_middle,1.51550515779998,4.08028680773774,2.41051587073528,0.493464631983283,3,phi,132
Thalassiosira,taxogroup_middle,1.49998738615304,3.61612303124044,2.33204552401488,0.456161193264435,4,phi,132
Thalassiosira,taxogroup_middle,1.49671934133503,3.53340425868683,2.27869453263092,0.435628008300685,5,phi,132
Thalassiosira,taxogroup_middle,1.47674517078612,3.27963283285734,2.23451793349402,0.418839230344219,6,phi,132
Thalassiosira,taxogroup_middle,1.47070803500808,3.22894021332499,2.19122711677695,0.403824370810173,7,phi,132
Thalassiosira,taxogroup_middle,1.45554944896575,3.06788482393661,2.15770488378401,0.391056431268974,8,phi,132
Thalassiosira,taxogroup_middle,1.44574398897236,3.01769735575052,2.12804985527183,0.38190172654768,9,phi,132
Unidentified_Bacillariaceae,taxogroup_1,3.33935515992154,17.718385608946,7.98944972148561,4.16253884741116,1,phi,132
Unidentified_Bacillariaceae,taxogroup_1,2.86570528994501,9.93621427496706,6.03378967168542,2.91714721502424,10,phi,132
Unidentified_Bacillariaceae,taxogroup_1,3.13347695746409,13.76515885021,7.27781382708434,3.67107213640026,2,phi,132
Unidentified_Bacillariaceae,taxogroup_1,3.13125938502354,12.8319587112638,6.96623245312642,3.48150978660632,3,phi,132
Unidentified_Bacillariaceae,taxogroup_1,3.09028958619772,11.8736946989718,6.73698314510557,3.34444917285916,4,phi,132
Unidentified_Bacillariaceae,taxogroup_1,3.07136026383755,11.2555219887559,6.57238809060797,3.23738220413101,5,phi,132
Unidentified_Bacillariaceae,taxogroup_1,3.05916774986215,11.0142535305073,6.4356265683405,3.15498796511426,6,phi,132
Unidentified_Bacillariaceae,taxogroup_1,2.94141512523653,10.5100982982953,6.31235628397762,3.0789674411286,7,phi,132
Unidentified_Bacillariaceae,taxogroup_1,2.9093669332469,10.1670650135458,6.21657504696384,3.02983616877123,8,phi,132
Unidentified_Bacillariaceae,taxogroup_1,2.86606204118173,9.9653636828947,6.12429550836931,2.97147167385993,9,phi,132
Unidentified_Bacillariaceae,taxogroup_2,3.13347695746409,17.718385608946,7.53358112448086,3.91014600683762,1,phi,132
Unidentified_Bacillariaceae,taxogroup_2,2.71504523879044,9.10753334837642,5.59872191242252,2.66996487050191,10,phi,132
Unidentified_Bacillariaceae,taxogroup_2,3.04968014863687,13.1732364460792,6.91022664813681,3.47700628221807,2,phi,132
Unidentified_Bacillariaceae,taxogroup_2,3.01736137900146,12.8319587112638,6.58910361990157,3.26453202597079,3,phi,132
Unidentified_Bacillariaceae,taxogroup_2,2.92053974627139,11.1276068120253,6.33388838801134,3.10084862383858,4,phi,132
Unidentified_Bacillariaceae,taxogroup_2,2.87990050421462,10.5298851896529,6.16480437775135,3.01140040642761,5,phi,132
Unidentified_Bacillariaceae,taxogroup_2,2.85243977849971,10.5065725607877,6.01069445466681,2.91666302988752,6,phi,132
Unidentified_Bacillariaceae,taxogroup_2,2.80078073872929,10.3773594902905,5.88223711131726,2.8419293039038,7,phi,132
Unidentified_Bacillariaceae,taxogroup_2,2.79156893280181,9.93246687011158,5.76741415401073,2.773666826753,8,phi,132
Unidentified_Bacillariaceae,taxogroup_2,2.75648334135422,9.26028727067519,5.67628662592795,2.71607709004297,9,phi,132
Unidentified_Cercozoa,supergroup,9.13357160562282,61.3797787337684,28.1175327634264,17.6517401485089,1,phi,132
Unidentified_Cercozoa,supergroup,7.53992358881442,36.6914016491433,20.7523352761794,12.6578021529522,10,phi,132
Unidentified_Cercozoa,supergroup,8.64023759625456,52.059637888162,25.6379386954824,15.8551146458243,2,phi,132
Unidentified_Cercozoa,supergroup,8.43952329190872,48.2649664706294,24.3000087164302,15.0129544570404,3,phi,132
Unidentified_Cercozoa,supergroup,8.06175996002692,45.0009644307465,23.4809986429244,14.4497864055831,4,phi,132
Unidentified_Cercozoa,supergroup,7.86766154947376,44.15598461771,22.7822253339995,13.9884286144673,5,phi,132
Unidentified_Cercozoa,supergroup,7.7888503481315,43.9401048112607,22.2682116856907,13.6693854672621,6,phi,132
Unidentified_Cercozoa,supergroup,7.75032315764242,41.8694330504028,21.8344473294817,13.3807975155042,7,phi,132
Unidentified_Cercozoa,supergroup,7.63764047314847,38.4905907320055,21.4361616548054,13.0999513603428,8,phi,132
Unidentified_Cercozoa,supergroup,7.59647960871904,38.2363116095248,21.0724446253168,12.8568310705319,9,phi,132
Unidentified_Cercozoa,taxogroup_1,6.90715179801566,58.414108309237,23.1096950220294,14.6630335347047,1,phi,132
Unidentified_Cercozoa,taxogroup_1,5.46661486095993,30.0937712058076,15.3243262825835,9.20981870623019,10,phi,132
Unidentified_Cercozoa,taxogroup_1,6.75118309253849,43.9401048112607,20.2924141768814,12.5552192596315,2,phi,132
Unidentified_Cercozoa,taxogroup_1,6.40618289603262,42.9717119176451,19.2187958601197,11.819359342659,3,phi,132
Unidentified_Cercozoa,taxogroup_1,6.16517912382298,36.8607378193609,18.2798128521088,11.1710453459885,4,phi,132
Unidentified_Cercozoa,taxogroup_1,6.09919603134237,35.7422234818844,17.5279543448613,10.656337356083,5,phi,132
Unidentified_Cercozoa,taxogroup_1,6.0484386008349,35.5981838525246,16.9642387011438,10.2878568344436,6,phi,132
Unidentified_Cercozoa,taxogroup_1,5.62956114408776,32.1595379386115,16.4884878271255,9.97479336821278,7,phi,132
Unidentified_Cercozoa,taxogroup_1,5.55386885575199,31.4114445708338,16.0486960479729,9.67578567911301,8,phi,132
Unidentified_Cercozoa,taxogroup_1,5.49694811175852,30.4545975483502,15.6670480189302,9.42734283089583,9,phi,132
