GENRE,SMAG,md5sum,Scenario_A,Scenario_B
Attheya,TARA_ARC_108_MAG_00239,2634cc2da492d273c4c5554abf5d747ef9fb3698,III,IV
Attheya,TARA_ARC_108_MAG_00239,18a7630046e33ef5234a508dff7726a848fb524d,III,IV
Attheya,TARA_ARC_108_MAG_00239,eafa02f025ca1da587b41faa1458b8ecc1afa917,III,IV
chloroparvula,TARA_ION_45_MAG_00156,273332e0dfd94d5a9802926879531af5996f637d,IV,
chloroparvula,TARA_PON_109_MAG_00226,b47fee330f5133d401e80001351c89c30502d932,IV,
chloroparvula,TARA_IOS_50_MAG_00114,a443c3ba567e7566266d4d50867ae2969801d3a4,II,I
chloroparvula,TARA_IOS_50_MAG_00114,574f35e3c48a314e8f8594c2c62d0f0c69266ae6,II,I
chloroparvula,TARA_PON_109_MAG_00222,a443c3ba567e7566266d4d50867ae2969801d3a4,II,I
chloroparvula,TARA_PON_109_MAG_00222,574f35e3c48a314e8f8594c2c62d0f0c69266ae6,II,I
chloroparvula,TARA_PSE_93_MAG_00220,c605ef53efb8ebba4670b2121fb6d43e69217b7e,I,
chloroparvula,TARA_AON_82_MAG_00300,c605ef53efb8ebba4670b2121fb6d43e69217b7e,I,
chloroparvula,TARA_PSE_93_MAG_00236,74c4f15ca9aa7b936dbf91e31457b5fa1f5e9784,III,
chloroparvula,TARA_PSE_93_MAG_00236,756b537b6d951b323ed9a3334ed5c1d36973a4d9,III,
Chloropicon,TARA_PSW_86_MAG_00160,747033d2424fe64379fc7d8cabadda347f7ead2c,IV,
Florenciella,TARA_ARC_108_MAG_00262,921d39a7a9d19a89bb67c9b08aa2b7985fe98f61,I,
Florenciella,TARA_SOC_28_MAG_00069,921d39a7a9d19a89bb67c9b08aa2b7985fe98f61,I,
Haptolina,TARA_ARC_108_MAG_00303,6aed8e30c02a96997baa8d2ba3c0dede3a2cde4b,I,
Haptolina,TARA_ARC_108_MAG_00323,6aed8e30c02a96997baa8d2ba3c0dede3a2cde4b,I,
New_Chlorophyta_01,TARA_MED_95_MAG_00216,9a1ff28291f2c29c5ecb4a031767b3e394017690,IV,
New_Chlorophyta_01,TARA_PSE_93_MAG_00228,ec27363787b120f99cfbc8650d3499b64ac692e9,IV,
New_Chlorophyta_01,TARA_PSW_86_MAG_00208,4be33d73903681cf17b3f3ed1ccc2f6ca2f96b85,IV,
New_Choanozoa_01,TARA_PSE_93_MAG_00240,564ec150ac7ec5842e0bf876f97e90b9d5391c60,IV,
Picochlorum,TARA_AON_82_MAG_00198,5d9040ac78e80b3a2908e69e16fac53659db7e70,IV,
Prasinoderma,TARA_AON_82_MAG_00340,d704227dce00a0c92097ac4e4404d7a8615c070b,IV,
Prasinoderma,TARA_PSW_86_MAG_00253,4bde68c8a87e4f3d89408a499d4fb0a1596aac6a,IV,
New_Bacillariaceae_02,TARA_ARC_108_MAG_00137,1e79fa12c6b40b3b5d4686d215990d1ab1665be3,IV,
New_Chrysophyceae,TARA_MED_95_MAG_00428,058c8b2b09d23a845e3be904e0ff0f8b7937d3f6,II,
New_Chrysophyceae,TARA_MED_95_MAG_00428,ebf991d3805d6cec1bb2fce3a608fae8f2159756,II,
New_Chrysophyceae,TARA_MED_95_MAG_00428,d6de7b95464c7c4aab7c56d966d34059fed8a9fd,II,
New_Chrysophyceae,TARA_ION_45_MAG_00170,058c8b2b09d23a845e3be904e0ff0f8b7937d3f6,II,
New_Chrysophyceae,TARA_ION_45_MAG_00170,ebf991d3805d6cec1bb2fce3a608fae8f2159756,II,
New_Chrysophyceae,TARA_ION_45_MAG_00170,d6de7b95464c7c4aab7c56d966d34059fed8a9fd,II,
New_Cyrtolophosidida_01,TARA_SOC_28_MAG_00066,fa54a54ed2142c33f85c69e3781066ccb9108faa,IV,
Thalassiosira,TARA_ARC_108_MAG_00313,527eb8ba8e51452048106a1ab4f196c03865be6f,II,I
Thalassiosira,TARA_ARC_108_MAG_00313,68c8bdedb40fab6e821f281a2b35d43a5361732f,II,I
Thalassiosira,TARA_ARC_108_MAG_00313,9efc405f89227c3e0a5f2dbc36942ebae8b6c245,II,I
Thalassiosira,TARA_ARC_108_MAG_00252,527eb8ba8e51452048106a1ab4f196c03865be6f,II,
Thalassiosira,TARA_ARC_108_MAG_00252,68c8bdedb40fab6e821f281a2b35d43a5361732f,II,
Thalassiosira,TARA_ARC_108_MAG_00252,9efc405f89227c3e0a5f2dbc36942ebae8b6c245,II,
Thalassiosira,TARA_ARC_108_MAG_00269,527eb8ba8e51452048106a1ab4f196c03865be6f,II,
Thalassiosira,TARA_ARC_108_MAG_00269,68c8bdedb40fab6e821f281a2b35d43a5361732f,II,
Thalassiosira,TARA_ARC_108_MAG_00269,9efc405f89227c3e0a5f2dbc36942ebae8b6c245,II,
Fragilariopsis,TARA_AOS_82_MAG_00176,e8055bf1484f0ef1d0f0f67f4a3699f5490631fe,II,
Fragilariopsis,TARA_AOS_82_MAG_00176,af0b2f0a8b345b54b5d7b314178a1ac4c2ed69a3,II,
Fragilariopsis,TARA_AOS_82_MAG_00176,305fd2498796bfc1f3d2bf7f9d66954c3ed33ac5,II,
Fragilariopsis,TARA_ARC_108_MAG_00187,e8055bf1484f0ef1d0f0f67f4a3699f5490631fe,II,
Fragilariopsis,TARA_ARC_108_MAG_00187,af0b2f0a8b345b54b5d7b314178a1ac4c2ed69a3,II,
Fragilariopsis,TARA_ARC_108_MAG_00187,305fd2498796bfc1f3d2bf7f9d66954c3ed33ac5,II,
Fragilariopsis,TARA_SOC_28_MAG_00031,e8055bf1484f0ef1d0f0f67f4a3699f5490631fe,II,
Fragilariopsis,TARA_SOC_28_MAG_00031,af0b2f0a8b345b54b5d7b314178a1ac4c2ed69a3,II,
Fragilariopsis,TARA_SOC_28_MAG_00031,305fd2498796bfc1f3d2bf7f9d66954c3ed33ac5,II,
Chaetoceros,TARA_PSE_93_MAG_00253,8632a508a6aabd0af6d03348cca7fe94e98239e6,IV,
Chaetoceros,TARA_ARC_108_MAG_00267,3d6fbbe3ec3e7886781732d9ab450b8356233e7e,IV,
Micromonas,TARA_AON_82_MAG_00118,495f75dd678a6700fd8f3fc3fab2aa87800d0aa1,IV,
Micromonas,TARA_AON_82_MAG_00297,bf4ad8ea6f40e1d7a07ff2c107fdf739d88f89f3,I,
Micromonas,TARA_AOS_82_MAG_00137,bf4ad8ea6f40e1d7a07ff2c107fdf739d88f89f3,I,
Micromonas,TARA_ARC_108_MAG_00233,bf4ad8ea6f40e1d7a07ff2c107fdf739d88f89f3,I,
Micromonas,TARA_ASE_2028_MAG_00032,bf4ad8ea6f40e1d7a07ff2c107fdf739d88f89f3,I,
Micromonas,TARA_MED_95_MAG_00308,bf4ad8ea6f40e1d7a07ff2c107fdf739d88f89f3,I,
Micromonas,TARA_ARC_108_MAG_00063,7d0db08fc17939858a2ea018f83813ad8c9f575b,IV,
Micromonas,TARA_ARC_108_MAG_00100,93ea2747f5a3cbee4ffda130a57b2cddbedc0352,IV,
Micromonas,TARA_ION_45_MAG_00143,ad17c99efd85e24991619ffe3230f95aeaa1c749,I,
Micromonas,TARA_IOS_50_MAG_00065,ad17c99efd85e24991619ffe3230f95aeaa1c749,I,
Micromonas,TARA_MED_95_MAG_00447,ad17c99efd85e24991619ffe3230f95aeaa1c749,I,
Micromonas,TARA_MED_95_MAG_00390,be892bb6bb274afd7b8b1ac43b904e772e13fb0f,I,
Micromonas,TARA_AOS_82_MAG_00181,be892bb6bb274afd7b8b1ac43b904e772e13fb0f,I,
Micromonas,TARA_PSW_86_MAG_00105,f6d353cb19d24cb217eb92ab4ab6bfbf7c045a66,I,
Micromonas,TARA_PSW_86_MAG_00075,f6d353cb19d24cb217eb92ab4ab6bfbf7c045a66,I,
Micromonas,TARA_ION_45_MAG_00153,f6d353cb19d24cb217eb92ab4ab6bfbf7c045a66,I,